x,y,z
-320.0,-300.0,36.82
-310.0,-300.0,35.99
-300.0,-300.0,35.16
-290.0,-300.0,34.35
-280.0,-300.0,33.57
-270.0,-300.0,32.86
-260.0,-300.0,32.22
-250.0,-300.0,31.68
-240.0,-300.0,31.26
-230.0,-300.0,30.97
-220.0,-300.0,30.83
-210.0,-300.0,30.82
-200.0,-300.0,30.96
-190.0,-300.0,31.23
-180.0,-300.0,31.61
-170.0,-300.0,32.09
-160.0,-300.0,32.63
-150.0,-300.0,33.19
-140.0,-300.0,33.76
-130.0,-300.0,34.29
-120.0,-300.0,34.75
-110.0,-300.0,35.11
-100.0,-300.0,35.35
-90.0,-300.0,35.46
-80.0,-300.0,35.41
-70.0,-300.0,35.22
-60.0,-300.0,34.88
-50.0,-300.0,34.4
-40.0,-300.0,33.79
-30.0,-300.0,33.08
-20.0,-300.0,32.28
-10.0,-300.0,31.42
0.0,-300.0,30.51
10.0,-300.0,29.57
20.0,-300.0,28.63
30.0,-300.0,27.7
40.0,-300.0,26.79
50.0,-300.0,25.91
60.0,-300.0,25.07
70.0,-300.0,24.27
80.0,-300.0,23.52
90.0,-300.0,22.81
100.0,-300.0,22.15
110.0,-300.0,21.52
120.0,-300.0,20.94
130.0,-300.0,20.38
140.0,-300.0,19.85
150.0,-300.0,19.34
160.0,-300.0,18.85
170.0,-300.0,18.36
180.0,-300.0,17.87
190.0,-300.0,17.39
200.0,-300.0,16.89
210.0,-300.0,16.39
220.0,-300.0,15.88
230.0,-300.0,15.35
240.0,-300.0,14.81
250.0,-300.0,14.25
260.0,-300.0,13.68
270.0,-300.0,13.09
280.0,-300.0,12.5
290.0,-300.0,11.89
300.0,-300.0,11.28
310.0,-300.0,10.67
320.0,-300.0,10.05
-320.0,-290.0,36.64
-310.0,-290.0,35.78
-300.0,-290.0,34.92
-290.0,-290.0,34.08
-280.0,-290.0,33.29
-270.0,-290.0,32.56
-260.0,-290.0,31.92
-250.0,-290.0,31.39
-240.0,-290.0,30.99
-230.0,-290.0,30.74
-220.0,-290.0,30.63
-210.0,-290.0,30.68
-200.0,-290.0,30.89
-190.0,-290.0,31.23
-180.0,-290.0,31.69
-170.0,-290.0,32.25
-160.0,-290.0,32.87
-150.0,-290.0,33.51
-140.0,-290.0,34.14
-130.0,-290.0,34.73
-120.0,-290.0,35.23
-110.0,-290.0,35.62
-100.0,-290.0,35.88
-90.0,-290.0,35.99
-80.0,-290.0,35.93
-70.0,-290.0,35.72
-60.0,-290.0,35.35
-50.0,-290.0,34.83
-40.0,-290.0,34.18
-30.0,-290.0,33.43
-20.0,-290.0,32.59
-10.0,-290.0,31.69
0.0,-290.0,30.74
10.0,-290.0,29.78
20.0,-290.0,28.82
30.0,-290.0,27.88
40.0,-290.0,26.97
50.0,-290.0,26.1
60.0,-290.0,25.28
70.0,-290.0,24.5
80.0,-290.0,23.78
90.0,-290.0,23.11
100.0,-290.0,22.49
110.0,-290.0,21.91
120.0,-290.0,21.37
130.0,-290.0,20.85
140.0,-290.0,20.37
150.0,-290.0,19.89
160.0,-290.0,19.43
170.0,-290.0,18.97
180.0,-290.0,18.5
190.0,-290.0,18.02
200.0,-290.0,17.53
210.0,-290.0,17.02
220.0,-290.0,16.49
230.0,-290.0,15.93
240.0,-290.0,15.36
250.0,-290.0,14.76
260.0,-290.0,14.15
270.0,-290.0,13.52
280.0,-290.0,12.88
290.0,-290.0,12.23
300.0,-290.0,11.58
310.0,-290.0,10.92
320.0,-290.0,10.27
-320.0,-280.0,36.66
-310.0,-280.0,35.79
-300.0,-280.0,34.93
-290.0,-280.0,34.09
-280.0,-280.0,33.3
-270.0,-280.0,32.58
-260.0,-280.0,31.95
-250.0,-280.0,31.44
-240.0,-280.0,31.06
-230.0,-280.0,30.84
-220.0,-280.0,30.77
-210.0,-280.0,30.87
-200.0,-280.0,31.12
-190.0,-280.0,31.51
-180.0,-280.0,32.02
-170.0,-280.0,32.62
-160.0,-280.0,33.28
-150.0,-280.0,33.96
-140.0,-280.0,34.61
-130.0,-280.0,35.22
-120.0,-280.0,35.73
-110.0,-280.0,36.11
-100.0,-280.0,36.36
-90.0,-280.0,36.44
-80.0,-280.0,36.36
-70.0,-280.0,36.1
-60.0,-280.0,35.69
-50.0,-280.0,35.14
-40.0,-280.0,34.45
-30.0,-280.0,33.66
-20.0,-280.0,32.79
-10.0,-280.0,31.87
0.0,-280.0,30.91
10.0,-280.0,29.95
20.0,-280.0,29.0
30.0,-280.0,28.07
40.0,-280.0,27.18
50.0,-280.0,26.35
60.0,-280.0,25.57
70.0,-280.0,24.85
80.0,-280.0,24.18
90.0,-280.0,23.57
100.0,-280.0,23.01
110.0,-280.0,22.5
120.0,-280.0,22.02
130.0,-280.0,21.57
140.0,-280.0,21.13
150.0,-280.0,20.7
160.0,-280.0,20.27
170.0,-280.0,19.83
180.0,-280.0,19.37
190.0,-280.0,18.89
200.0,-280.0,18.38
210.0,-280.0,17.84
220.0,-280.0,17.27
230.0,-280.0,16.67
240.0,-280.0,16.04
250.0,-280.0,15.39
260.0,-280.0,14.71
270.0,-280.0,14.02
280.0,-280.0,13.31
290.0,-280.0,12.61
300.0,-280.0,11.9
310.0,-280.0,11.2
320.0,-280.0,10.5
-320.0,-270.0,36.96
-310.0,-270.0,36.12
-300.0,-270.0,35.29
-290.0,-270.0,34.47
-280.0,-270.0,33.71
-270.0,-270.0,33.02
-260.0,-270.0,32.42
-250.0,-270.0,31.94
-240.0,-270.0,31.59
-230.0,-270.0,31.4
-220.0,-270.0,31.36
-210.0,-270.0,31.47
-200.0,-270.0,31.74
-190.0,-270.0,32.15
-180.0,-270.0,32.66
-170.0,-270.0,33.26
-160.0,-270.0,33.91
-150.0,-270.0,34.57
-140.0,-270.0,35.21
-130.0,-270.0,35.77
-120.0,-270.0,36.24
-110.0,-270.0,36.59
-100.0,-270.0,36.78
-90.0,-270.0,36.81
-80.0,-270.0,36.68
-70.0,-270.0,36.37
-60.0,-270.0,35.92
-50.0,-270.0,35.32
-40.0,-270.0,34.6
-30.0,-270.0,33.79
-20.0,-270.0,32.91
-10.0,-270.0,31.99
0.0,-270.0,31.05
10.0,-270.0,30.11
20.0,-270.0,29.19
30.0,-270.0,28.31
40.0,-270.0,27.49
50.0,-270.0,26.72
60.0,-270.0,26.02
70.0,-270.0,25.38
80.0,-270.0,24.81
90.0,-270.0,24.29
100.0,-270.0,23.82
110.0,-270.0,23.39
120.0,-270.0,22.99
130.0,-270.0,22.6
140.0,-270.0,22.22
150.0,-270.0,21.84
160.0,-270.0,21.43
170.0,-270.0,21.0
180.0,-270.0,20.53
190.0,-270.0,20.02
200.0,-270.0,19.47
210.0,-270.0,18.88
220.0,-270.0,18.24
230.0,-270.0,17.56
240.0,-270.0,16.84
250.0,-270.0,16.1
260.0,-270.0,15.34
270.0,-270.0,14.56
280.0,-270.0,13.78
290.0,-270.0,13.0
300.0,-270.0,12.23
310.0,-270.0,11.47
320.0,-270.0,10.72
-320.0,-260.0,37.64
-310.0,-260.0,36.86
-300.0,-260.0,36.09
-290.0,-260.0,35.34
-280.0,-260.0,34.64
-270.0,-260.0,34.01
-260.0,-260.0,33.46
-250.0,-260.0,33.02
-240.0,-260.0,32.7
-230.0,-260.0,32.52
-220.0,-260.0,32.49
-210.0,-260.0,32.6
-200.0,-260.0,32.85
-190.0,-260.0,33.22
-180.0,-260.0,33.69
-170.0,-260.0,34.23
-160.0,-260.0,34.81
-150.0,-260.0,35.39
-140.0,-260.0,35.94
-130.0,-260.0,36.42
-120.0,-260.0,36.8
-110.0,-260.0,37.05
-100.0,-260.0,37.16
-90.0,-260.0,37.11
-80.0,-260.0,36.9
-70.0,-260.0,36.54
-60.0,-260.0,36.04
-50.0,-260.0,35.41
-40.0,-260.0,34.67
-30.0,-260.0,33.86
-20.0,-260.0,32.99
-10.0,-260.0,32.1
0.0,-260.0,31.2
10.0,-260.0,30.33
20.0,-260.0,29.49
30.0,-260.0,28.7
40.0,-260.0,27.97
50.0,-260.0,27.32
60.0,-260.0,26.73
70.0,-260.0,26.22
80.0,-260.0,25.77
90.0,-260.0,25.37
100.0,-260.0,25.01
110.0,-260.0,24.68
120.0,-260.0,24.37
130.0,-260.0,24.06
140.0,-260.0,23.73
150.0,-260.0,23.37
160.0,-260.0,22.97
170.0,-260.0,22.51
180.0,-260.0,22.0
190.0,-260.0,21.43
200.0,-260.0,20.8
210.0,-260.0,20.1
220.0,-260.0,19.36
230.0,-260.0,18.56
240.0,-260.0,17.73
250.0,-260.0,16.87
260.0,-260.0,16.0
270.0,-260.0,15.12
280.0,-260.0,14.25
290.0,-260.0,13.38
300.0,-260.0,12.54
310.0,-260.0,11.72
320.0,-260.0,10.93
-320.0,-250.0,38.76
-310.0,-250.0,38.09
-300.0,-250.0,37.43
-290.0,-250.0,36.79
-280.0,-250.0,36.18
-270.0,-250.0,35.63
-260.0,-250.0,35.15
-250.0,-250.0,34.76
-240.0,-250.0,34.47
-230.0,-250.0,34.29
-220.0,-250.0,34.24
-210.0,-250.0,34.31
-200.0,-250.0,34.49
-190.0,-250.0,34.78
-180.0,-250.0,35.14
-170.0,-250.0,35.56
-160.0,-250.0,36.01
-150.0,-250.0,36.45
-140.0,-250.0,36.85
-130.0,-250.0,37.18
-120.0,-250.0,37.42
-110.0,-250.0,37.54
-100.0,-250.0,37.52
-90.0,-250.0,37.37
-80.0,-250.0,37.08
-70.0,-250.0,36.65
-60.0,-250.0,36.1
-50.0,-250.0,35.45
-40.0,-250.0,34.71
-30.0,-250.0,33.92
-20.0,-250.0,33.1
-10.0,-250.0,32.28
0.0,-250.0,31.47
10.0,-250.0,30.7
20.0,-250.0,29.98
30.0,-250.0,29.33
40.0,-250.0,28.76
50.0,-250.0,28.26
60.0,-250.0,27.84
70.0,-250.0,27.48
80.0,-250.0,27.18
90.0,-250.0,26.93
100.0,-250.0,26.7
110.0,-250.0,26.49
120.0,-250.0,26.26
130.0,-250.0,26.0
140.0,-250.0,25.7
150.0,-250.0,25.33
160.0,-250.0,24.89
170.0,-250.0,24.38
180.0,-250.0,23.77
190.0,-250.0,23.09
200.0,-250.0,22.32
210.0,-250.0,21.48
220.0,-250.0,20.58
230.0,-250.0,19.64
240.0,-250.0,18.66
250.0,-250.0,17.66
260.0,-250.0,16.66
270.0,-250.0,15.66
280.0,-250.0,14.68
290.0,-250.0,13.73
300.0,-250.0,12.81
310.0,-250.0,11.94
320.0,-250.0,11.1
-320.0,-240.0,40.4
-310.0,-240.0,39.89
-300.0,-240.0,39.38
-290.0,-240.0,38.88
-280.0,-240.0,38.4
-270.0,-240.0,37.96
-260.0,-240.0,37.55
-250.0,-240.0,37.21
-240.0,-240.0,36.94
-230.0,-240.0,36.75
-220.0,-240.0,36.65
-210.0,-240.0,36.63
-200.0,-240.0,36.7
-190.0,-240.0,36.84
-180.0,-240.0,37.04
-170.0,-240.0,37.27
-160.0,-240.0,37.51
-150.0,-240.0,37.74
-140.0,-240.0,37.94
-130.0,-240.0,38.07
-120.0,-240.0,38.12
-110.0,-240.0,38.07
-100.0,-240.0,37.9
-90.0,-240.0,37.63
-80.0,-240.0,37.24
-70.0,-240.0,36.75
-60.0,-240.0,36.16
-50.0,-240.0,35.51
-40.0,-240.0,34.81
-30.0,-240.0,34.08
-20.0,-240.0,33.35
-10.0,-240.0,32.64
0.0,-240.0,31.97
10.0,-240.0,31.36
20.0,-240.0,30.82
30.0,-240.0,30.36
40.0,-240.0,29.99
50.0,-240.0,29.7
60.0,-240.0,29.48
70.0,-240.0,29.31
80.0,-240.0,29.19
90.0,-240.0,29.1
100.0,-240.0,29.0
110.0,-240.0,28.88
120.0,-240.0,28.71
130.0,-240.0,28.47
140.0,-240.0,28.15
150.0,-240.0,27.72
160.0,-240.0,27.19
170.0,-240.0,26.55
180.0,-240.0,25.79
190.0,-240.0,24.93
200.0,-240.0,23.97
210.0,-240.0,22.94
220.0,-240.0,21.85
230.0,-240.0,20.71
240.0,-240.0,19.56
250.0,-240.0,18.4
260.0,-240.0,17.25
270.0,-240.0,16.13
280.0,-240.0,15.05
290.0,-240.0,14.01
300.0,-240.0,13.03
310.0,-240.0,12.1
320.0,-240.0,11.22
-320.0,-230.0,42.59
-310.0,-230.0,42.29
-300.0,-230.0,41.98
-290.0,-230.0,41.65
-280.0,-230.0,41.33
-270.0,-230.0,41.0
-260.0,-230.0,40.68
-250.0,-230.0,40.39
-240.0,-230.0,40.12
-230.0,-230.0,39.89
-220.0,-230.0,39.7
-210.0,-230.0,39.56
-200.0,-230.0,39.46
-190.0,-230.0,39.39
-180.0,-230.0,39.36
-170.0,-230.0,39.34
-160.0,-230.0,39.32
-150.0,-230.0,39.29
-140.0,-230.0,39.22
-130.0,-230.0,39.11
-120.0,-230.0,38.93
-110.0,-230.0,38.68
-100.0,-230.0,38.35
-90.0,-230.0,37.95
-80.0,-230.0,37.47
-70.0,-230.0,36.92
-60.0,-230.0,36.33
-50.0,-230.0,35.71
-40.0,-230.0,35.07
-30.0,-230.0,34.45
-20.0,-230.0,33.86
-10.0,-230.0,33.32
0.0,-230.0,32.85
10.0,-230.0,32.46
20.0,-230.0,32.16
30.0,-230.0,31.95
40.0,-230.0,31.83
50.0,-230.0,31.78
60.0,-230.0,31.79
70.0,-230.0,31.84
80.0,-230.0,31.91
90.0,-230.0,31.96
100.0,-230.0,31.96
110.0,-230.0,31.9
120.0,-230.0,31.73
130.0,-230.0,31.46
140.0,-230.0,31.04
150.0,-230.0,30.48
160.0,-230.0,29.78
170.0,-230.0,28.93
180.0,-230.0,27.94
190.0,-230.0,26.84
200.0,-230.0,25.64
210.0,-230.0,24.37
220.0,-230.0,23.05
230.0,-230.0,21.7
240.0,-230.0,20.35
250.0,-230.0,19.03
260.0,-230.0,17.74
270.0,-230.0,16.5
280.0,-230.0,15.32
290.0,-230.0,14.21
300.0,-230.0,13.17
310.0,-230.0,12.2
320.0,-230.0,11.3
-320.0,-220.0,45.35
-310.0,-220.0,45.29
-300.0,-220.0,45.2
-290.0,-220.0,45.08
-280.0,-220.0,44.92
-270.0,-220.0,44.72
-260.0,-220.0,44.49
-250.0,-220.0,44.23
-240.0,-220.0,43.94
-230.0,-220.0,43.64
-220.0,-220.0,43.33
-210.0,-220.0,43.01
-200.0,-220.0,42.69
-190.0,-220.0,42.38
-180.0,-220.0,42.06
-170.0,-220.0,41.74
-160.0,-220.0,41.41
-150.0,-220.0,41.07
-140.0,-220.0,40.71
-130.0,-220.0,40.32
-120.0,-220.0,39.9
-110.0,-220.0,39.44
-100.0,-220.0,38.94
-90.0,-220.0,38.41
-80.0,-220.0,37.85
-70.0,-220.0,37.29
-60.0,-220.0,36.72
-50.0,-220.0,36.16
-40.0,-220.0,35.65
-30.0,-220.0,35.19
-20.0,-220.0,34.8
-10.0,-220.0,34.49
0.0,-220.0,34.29
10.0,-220.0,34.18
20.0,-220.0,34.18
30.0,-220.0,34.27
40.0,-220.0,34.43
50.0,-220.0,34.66
60.0,-220.0,34.91
70.0,-220.0,35.17
80.0,-220.0,35.39
90.0,-220.0,35.54
100.0,-220.0,35.59
110.0,-220.0,35.51
120.0,-220.0,35.27
130.0,-220.0,34.86
140.0,-220.0,34.26
150.0,-220.0,33.48
160.0,-220.0,32.51
170.0,-220.0,31.37
180.0,-220.0,30.09
190.0,-220.0,28.69
200.0,-220.0,27.21
210.0,-220.0,25.66
220.0,-220.0,24.09
230.0,-220.0,22.52
240.0,-220.0,20.98
250.0,-220.0,19.49
260.0,-220.0,18.07
270.0,-220.0,16.73
280.0,-220.0,15.48
290.0,-220.0,14.32
300.0,-220.0,13.24
310.0,-220.0,12.25
320.0,-220.0,11.33
-320.0,-210.0,48.64
-310.0,-210.0,48.85
-300.0,-210.0,49.0
-290.0,-210.0,49.09
-280.0,-210.0,49.1
-270.0,-210.0,49.03
-260.0,-210.0,48.87
-250.0,-210.0,48.63
-240.0,-210.0,48.3
-230.0,-210.0,47.89
-220.0,-210.0,47.42
-210.0,-210.0,46.89
-200.0,-210.0,46.31
-190.0,-210.0,45.7
-180.0,-210.0,45.06
-170.0,-210.0,44.41
-160.0,-210.0,43.74
-150.0,-210.0,43.07
-140.0,-210.0,42.39
-130.0,-210.0,41.71
-120.0,-210.0,41.04
-110.0,-210.0,40.38
-100.0,-210.0,39.73
-90.0,-210.0,39.11
-80.0,-210.0,38.51
-70.0,-210.0,37.96
-60.0,-210.0,37.46
-50.0,-210.0,37.04
-40.0,-210.0,36.7
-30.0,-210.0,36.47
-20.0,-210.0,36.35
-10.0,-210.0,36.35
0.0,-210.0,36.47
10.0,-210.0,36.71
20.0,-210.0,37.05
30.0,-210.0,37.48
40.0,-210.0,37.95
50.0,-210.0,38.45
60.0,-210.0,38.92
70.0,-210.0,39.34
80.0,-210.0,39.64
90.0,-210.0,39.81
100.0,-210.0,39.8
110.0,-210.0,39.6
120.0,-210.0,39.17
130.0,-210.0,38.51
140.0,-210.0,37.62
150.0,-210.0,36.51
160.0,-210.0,35.19
170.0,-210.0,33.7
180.0,-210.0,32.07
190.0,-210.0,30.33
200.0,-210.0,28.52
210.0,-210.0,26.69
220.0,-210.0,24.87
230.0,-210.0,23.09
240.0,-210.0,21.38
250.0,-210.0,19.76
260.0,-210.0,18.24
270.0,-210.0,16.82
280.0,-210.0,15.52
290.0,-210.0,14.33
300.0,-210.0,13.24
310.0,-210.0,12.24
320.0,-210.0,11.33
-320.0,-200.0,52.4
-310.0,-200.0,52.88
-300.0,-200.0,53.28
-290.0,-200.0,53.57
-280.0,-200.0,53.75
-270.0,-200.0,53.78
-260.0,-200.0,53.68
-250.0,-200.0,53.42
-240.0,-200.0,53.02
-230.0,-200.0,52.48
-220.0,-200.0,51.82
-210.0,-200.0,51.04
-200.0,-200.0,50.18
-190.0,-200.0,49.25
-180.0,-200.0,48.27
-170.0,-200.0,47.27
-160.0,-200.0,46.25
-150.0,-200.0,45.25
-140.0,-200.0,44.26
-130.0,-200.0,43.32
-120.0,-200.0,42.42
-110.0,-200.0,41.59
-100.0,-200.0,40.83
-90.0,-200.0,40.15
-80.0,-200.0,39.56
-70.0,-200.0,39.08
-60.0,-200.0,38.72
-50.0,-200.0,38.5
-40.0,-200.0,38.41
-30.0,-200.0,38.48
-20.0,-200.0,38.7
-10.0,-200.0,39.07
0.0,-200.0,39.59
10.0,-200.0,40.23
20.0,-200.0,40.96
30.0,-200.0,41.75
40.0,-200.0,42.54
50.0,-200.0,43.27
60.0,-200.0,43.9
70.0,-200.0,44.37
80.0,-200.0,44.64
90.0,-200.0,44.68
100.0,-200.0,44.46
110.0,-200.0,43.98
120.0,-200.0,43.21
130.0,-200.0,42.18
140.0,-200.0,40.88
150.0,-200.0,39.35
160.0,-200.0,37.61
170.0,-200.0,35.71
180.0,-200.0,33.69
190.0,-200.0,31.6
200.0,-200.0,29.48
210.0,-200.0,27.38
220.0,-200.0,25.34
230.0,-200.0,23.39
240.0,-200.0,21.54
250.0,-200.0,19.82
260.0,-200.0,18.24
270.0,-200.0,16.78
280.0,-200.0,15.46
290.0,-200.0,14.27
300.0,-200.0,13.18
310.0,-200.0,12.2
320.0,-200.0,11.31
-320.0,-190.0,56.5
-310.0,-190.0,57.25
-300.0,-190.0,57.88
-290.0,-190.0,58.37
-280.0,-190.0,58.68
-270.0,-190.0,58.8
-260.0,-190.0,58.72
-250.0,-190.0,58.42
-240.0,-190.0,57.92
-230.0,-190.0,57.22
-220.0,-190.0,56.34
-210.0,-190.0,55.31
-200.0,-190.0,54.15
-190.0,-190.0,52.9
-180.0,-190.0,51.59
-170.0,-190.0,50.24
-160.0,-190.0,48.9
-150.0,-190.0,47.59
-140.0,-190.0,46.34
-130.0,-190.0,45.16
-120.0,-190.0,44.09
-110.0,-190.0,43.14
-100.0,-190.0,42.32
-90.0,-190.0,41.65
-80.0,-190.0,41.14
-70.0,-190.0,40.81
-60.0,-190.0,40.66
-50.0,-190.0,40.71
-40.0,-190.0,40.95
-30.0,-190.0,41.38
-20.0,-190.0,42.02
-10.0,-190.0,42.84
0.0,-190.0,43.82
10.0,-190.0,44.93
20.0,-190.0,46.11
30.0,-190.0,47.29
40.0,-190.0,48.38
50.0,-190.0,49.3
60.0,-190.0,49.96
70.0,-190.0,50.32
80.0,-190.0,50.35
90.0,-190.0,50.04
100.0,-190.0,49.4
110.0,-190.0,48.43
120.0,-190.0,47.16
130.0,-190.0,45.6
140.0,-190.0,43.8
150.0,-190.0,41.77
160.0,-190.0,39.56
170.0,-190.0,37.23
180.0,-190.0,34.83
190.0,-190.0,32.4
200.0,-190.0,30.01
210.0,-190.0,27.69
220.0,-190.0,25.48
230.0,-190.0,23.4
240.0,-190.0,21.47
250.0,-190.0,19.7
260.0,-190.0,18.09
270.0,-190.0,16.64
280.0,-190.0,15.33
290.0,-190.0,14.16
300.0,-190.0,13.1
310.0,-190.0,12.15
320.0,-190.0,11.28
-320.0,-180.0,60.84
-310.0,-180.0,61.82
-300.0,-180.0,62.65
-290.0,-180.0,63.29
-280.0,-180.0,63.71
-270.0,-180.0,63.88
-260.0,-180.0,63.78
-250.0,-180.0,63.42
-240.0,-180.0,62.8
-230.0,-180.0,61.92
-220.0,-180.0,60.83
-210.0,-180.0,59.54
-200.0,-180.0,58.09
-190.0,-180.0,56.54
-180.0,-180.0,54.92
-170.0,-180.0,53.27
-160.0,-180.0,51.65
-150.0,-180.0,50.09
-140.0,-180.0,48.62
-130.0,-180.0,47.28
-120.0,-180.0,46.11
-110.0,-180.0,45.11
-100.0,-180.0,44.31
-90.0,-180.0,43.73
-80.0,-180.0,43.39
-70.0,-180.0,43.28
-60.0,-180.0,43.42
-50.0,-180.0,43.81
-40.0,-180.0,44.44
-30.0,-180.0,45.33
-20.0,-180.0,46.45
-10.0,-180.0,47.8
0.0,-180.0,49.35
10.0,-180.0,51.04
20.0,-180.0,52.77
30.0,-180.0,54.41
40.0,-180.0,55.83
50.0,-180.0,56.86
60.0,-180.0,57.41
70.0,-180.0,57.43
80.0,-180.0,56.92
90.0,-180.0,55.92
100.0,-180.0,54.53
110.0,-180.0,52.8
120.0,-180.0,50.8
130.0,-180.0,48.57
140.0,-180.0,46.15
150.0,-180.0,43.57
160.0,-180.0,40.89
170.0,-180.0,38.15
180.0,-180.0,35.41
190.0,-180.0,32.71
200.0,-180.0,30.1
210.0,-180.0,27.62
220.0,-180.0,25.31
230.0,-180.0,23.17
240.0,-180.0,21.21
250.0,-180.0,19.44
260.0,-180.0,17.86
270.0,-180.0,16.43
280.0,-180.0,15.17
290.0,-180.0,14.03
300.0,-180.0,13.01
310.0,-180.0,12.1
320.0,-180.0,11.26
-320.0,-170.0,65.24
-310.0,-170.0,66.43
-300.0,-170.0,67.42
-290.0,-170.0,68.17
-280.0,-170.0,68.65
-270.0,-170.0,68.83
-260.0,-170.0,68.69
-250.0,-170.0,68.24
-240.0,-170.0,67.47
-230.0,-170.0,66.42
-220.0,-170.0,65.11
-210.0,-170.0,63.58
-200.0,-170.0,61.88
-190.0,-170.0,60.07
-180.0,-170.0,58.2
-170.0,-170.0,56.31
-160.0,-170.0,54.48
-150.0,-170.0,52.74
-140.0,-170.0,51.15
-130.0,-170.0,49.74
-120.0,-170.0,48.54
-110.0,-170.0,47.6
-100.0,-170.0,46.91
-90.0,-170.0,46.52
-80.0,-170.0,46.41
-70.0,-170.0,46.61
-60.0,-170.0,47.1
-50.0,-170.0,47.89
-40.0,-170.0,48.98
-30.0,-170.0,50.38
-20.0,-170.0,52.07
-10.0,-170.0,54.06
0.0,-170.0,56.33
10.0,-170.0,58.77
20.0,-170.0,61.25
30.0,-170.0,63.53
40.0,-170.0,65.36
50.0,-170.0,66.49
60.0,-170.0,66.75
70.0,-170.0,66.09
80.0,-170.0,64.61
90.0,-170.0,62.48
100.0,-170.0,59.9
110.0,-170.0,57.04
120.0,-170.0,54.03
130.0,-170.0,50.95
140.0,-170.0,47.82
150.0,-170.0,44.68
160.0,-170.0,41.54
170.0,-170.0,38.44
180.0,-170.0,35.43
190.0,-170.0,32.53
200.0,-170.0,29.8
210.0,-170.0,27.24
220.0,-170.0,24.9
230.0,-170.0,22.76
240.0,-170.0,20.83
250.0,-170.0,19.11
260.0,-170.0,17.58
270.0,-170.0,16.21
280.0,-170.0,15.0
290.0,-170.0,13.92
300.0,-170.0,12.95
310.0,-170.0,12.07
320.0,-170.0,11.26
-320.0,-160.0,69.58
-310.0,-160.0,70.91
-300.0,-160.0,72.0
-290.0,-160.0,72.82
-280.0,-160.0,73.31
-270.0,-160.0,73.47
-260.0,-160.0,73.26
-250.0,-160.0,72.7
-240.0,-160.0,71.8
-230.0,-160.0,70.57
-220.0,-160.0,69.08
-210.0,-160.0,67.35
-200.0,-160.0,65.45
-190.0,-160.0,63.44
-180.0,-160.0,61.39
-170.0,-160.0,59.36
-160.0,-160.0,57.41
-150.0,-160.0,55.59
-140.0,-160.0,53.97
-130.0,-160.0,52.59
-120.0,-160.0,51.48
-110.0,-160.0,50.68
-100.0,-160.0,50.2
-90.0,-160.0,50.07
-80.0,-160.0,50.28
-70.0,-160.0,50.84
-60.0,-160.0,51.74
-50.0,-160.0,52.97
-40.0,-160.0,54.55
-30.0,-160.0,56.49
-20.0,-160.0,58.83
-10.0,-160.0,61.58
0.0,-160.0,64.74
10.0,-160.0,68.2
20.0,-160.0,71.71
30.0,-160.0,74.9
40.0,-160.0,77.33
50.0,-160.0,78.57
60.0,-160.0,78.36
70.0,-160.0,76.67
80.0,-160.0,73.72
90.0,-160.0,69.88
100.0,-160.0,65.58
110.0,-160.0,61.16
120.0,-160.0,56.83
130.0,-160.0,52.71
140.0,-160.0,48.8
150.0,-160.0,45.08
160.0,-160.0,41.54
170.0,-160.0,38.17
180.0,-160.0,34.98
190.0,-160.0,31.98
200.0,-160.0,29.2
210.0,-160.0,26.66
220.0,-160.0,24.34
230.0,-160.0,22.27
240.0,-160.0,20.41
250.0,-160.0,18.77
260.0,-160.0,17.31
270.0,-160.0,16.01
280.0,-160.0,14.87
290.0,-160.0,13.84
300.0,-160.0,12.91
310.0,-160.0,12.07
320.0,-160.0,11.29
-320.0,-150.0,73.71
-310.0,-150.0,75.13
-300.0,-150.0,76.27
-290.0,-150.0,77.1
-280.0,-150.0,77.58
-270.0,-150.0,77.67
-260.0,-150.0,77.38
-250.0,-150.0,76.71
-240.0,-150.0,75.67
-230.0,-150.0,74.31
-220.0,-150.0,72.67
-210.0,-150.0,70.8
-200.0,-150.0,68.77
-190.0,-150.0,66.65
-180.0,-150.0,64.51
-170.0,-150.0,62.42
-160.0,-150.0,60.46
-150.0,-150.0,58.68
-140.0,-150.0,57.14
-130.0,-150.0,55.9
-120.0,-150.0,54.98
-110.0,-150.0,54.42
-100.0,-150.0,54.24
-90.0,-150.0,54.44
-80.0,-150.0,55.02
-70.0,-150.0,55.97
-60.0,-150.0,57.28
-50.0,-150.0,58.95
-40.0,-150.0,60.99
-30.0,-150.0,63.47
-20.0,-150.0,66.45
-10.0,-150.0,70.04
0.0,-150.0,74.24
10.0,-150.0,78.92
20.0,-150.0,83.73
30.0,-150.0,88.1
40.0,-150.0,91.3
50.0,-150.0,92.69
60.0,-150.0,91.86
70.0,-150.0,88.8
80.0,-150.0,83.93
90.0,-150.0,77.9
100.0,-150.0,71.41
110.0,-150.0,65.05
120.0,-150.0,59.16
130.0,-150.0,53.86
140.0,-150.0,49.14
150.0,-150.0,44.89
160.0,-150.0,41.02
170.0,-150.0,37.47
180.0,-150.0,34.2
190.0,-150.0,31.2
200.0,-150.0,28.46
210.0,-150.0,25.98
220.0,-150.0,23.76
230.0,-150.0,21.78
240.0,-150.0,20.02
250.0,-150.0,18.47
260.0,-150.0,17.09
270.0,-150.0,15.87
280.0,-150.0,14.79
290.0,-150.0,13.81
300.0,-150.0,12.92
310.0,-150.0,12.11
320.0,-150.0,11.35
-320.0,-140.0,77.53
-310.0,-140.0,78.98
-300.0,-140.0,80.13
-290.0,-140.0,80.93
-280.0,-140.0,81.35
-270.0,-140.0,81.37
-260.0,-140.0,80.98
-250.0,-140.0,80.21
-240.0,-140.0,79.07
-230.0,-140.0,77.61
-220.0,-140.0,75.88
-210.0,-140.0,73.94
-200.0,-140.0,71.86
-190.0,-140.0,69.72
-180.0,-140.0,67.6
-170.0,-140.0,65.57
-160.0,-140.0,63.7
-150.0,-140.0,62.07
-140.0,-140.0,60.72
-130.0,-140.0,59.71
-120.0,-140.0,59.08
-110.0,-140.0,58.84
-100.0,-140.0,59.0
-90.0,-140.0,59.57
-80.0,-140.0,60.54
-70.0,-140.0,61.86
-60.0,-140.0,63.54
-50.0,-140.0,65.57
-40.0,-140.0,67.99
-30.0,-140.0,70.89
-20.0,-140.0,74.43
-10.0,-140.0,78.75
0.0,-140.0,83.92
10.0,-140.0,89.8
20.0,-140.0,95.91
30.0,-140.0,101.46
40.0,-140.0,105.44
50.0,-140.0,106.94
60.0,-140.0,105.4
70.0,-140.0,100.84
80.0,-140.0,93.88
90.0,-140.0,85.48
100.0,-140.0,76.68
110.0,-140.0,68.3
120.0,-140.0,60.82
130.0,-140.0,54.39
140.0,-140.0,48.92
150.0,-140.0,44.24
160.0,-140.0,40.15
170.0,-140.0,36.53
180.0,-140.0,33.27
190.0,-140.0,30.34
200.0,-140.0,27.7
210.0,-140.0,25.34
220.0,-140.0,23.24
230.0,-140.0,21.37
240.0,-140.0,19.72
250.0,-140.0,18.26
260.0,-140.0,16.96
270.0,-140.0,15.81
280.0,-140.0,14.77
290.0,-140.0,13.83
300.0,-140.0,12.97
310.0,-140.0,12.18
320.0,-140.0,11.44
-320.0,-130.0,80.97
-310.0,-130.0,82.41
-300.0,-130.0,83.51
-290.0,-130.0,84.25
-280.0,-130.0,84.6
-270.0,-130.0,84.53
-260.0,-130.0,84.07
-250.0,-130.0,83.22
-240.0,-130.0,82.02
-230.0,-130.0,80.51
-220.0,-130.0,78.76
-210.0,-130.0,76.82
-200.0,-130.0,74.79
-190.0,-130.0,72.73
-180.0,-130.0,70.73
-170.0,-130.0,68.86
-160.0,-130.0,67.2
-150.0,-130.0,65.81
-140.0,-130.0,64.75
-130.0,-130.0,64.06
-120.0,-130.0,63.77
-110.0,-130.0,63.89
-100.0,-130.0,64.43
-90.0,-130.0,65.37
-80.0,-130.0,66.68
-70.0,-130.0,68.32
-60.0,-130.0,70.26
-50.0,-130.0,72.51
-40.0,-130.0,75.12
-30.0,-130.0,78.22
-20.0,-130.0,82.01
-10.0,-130.0,86.71
0.0,-130.0,92.44
10.0,-130.0,99.04
20.0,-130.0,105.96
30.0,-130.0,112.24
40.0,-130.0,116.65
50.0,-130.0,118.05
60.0,-130.0,115.79
70.0,-130.0,109.91
80.0,-130.0,101.18
90.0,-130.0,90.83
100.0,-130.0,80.15
110.0,-130.0,70.18
120.0,-130.0,61.48
130.0,-130.0,54.21
140.0,-130.0,48.24
150.0,-130.0,43.3
160.0,-130.0,39.13
170.0,-130.0,35.53
180.0,-130.0,32.37
190.0,-130.0,29.56
200.0,-130.0,27.06
210.0,-130.0,24.83
220.0,-130.0,22.85
230.0,-130.0,21.1
240.0,-130.0,19.54
250.0,-130.0,18.16
260.0,-130.0,16.92
270.0,-130.0,15.82
280.0,-130.0,14.81
290.0,-130.0,13.9
300.0,-130.0,13.06
310.0,-130.0,12.27
320.0,-130.0,11.54
-320.0,-120.0,84.01
-310.0,-120.0,85.39
-300.0,-120.0,86.42
-290.0,-120.0,87.08
-280.0,-120.0,87.35
-270.0,-120.0,87.22
-260.0,-120.0,86.69
-250.0,-120.0,85.8
-240.0,-120.0,84.59
-230.0,-120.0,83.1
-220.0,-120.0,81.39
-210.0,-120.0,79.55
-200.0,-120.0,77.65
-190.0,-120.0,75.77
-180.0,-120.0,73.98
-170.0,-120.0,72.37
-160.0,-120.0,71.0
-150.0,-120.0,69.94
-140.0,-120.0,69.23
-130.0,-120.0,68.91
-120.0,-120.0,68.99
-110.0,-120.0,69.49
-100.0,-120.0,70.39
-90.0,-120.0,71.64
-80.0,-120.0,73.21
-70.0,-120.0,75.04
-60.0,-120.0,77.1
-50.0,-120.0,79.37
-40.0,-120.0,81.91
-30.0,-120.0,84.86
-20.0,-120.0,88.46
-10.0,-120.0,92.96
0.0,-120.0,98.5
10.0,-120.0,104.93
20.0,-120.0,111.7
30.0,-120.0,117.79
40.0,-120.0,121.9
50.0,-120.0,122.84
60.0,-120.0,119.91
70.0,-120.0,113.19
80.0,-120.0,103.52
90.0,-120.0,92.22
100.0,-120.0,80.69
110.0,-120.0,70.02
120.0,-120.0,60.84
130.0,-120.0,53.28
140.0,-120.0,47.17
150.0,-120.0,42.22
160.0,-120.0,38.13
170.0,-120.0,34.65
180.0,-120.0,31.62
190.0,-120.0,28.96
200.0,-120.0,26.6
210.0,-120.0,24.5
220.0,-120.0,22.63
230.0,-120.0,20.96
240.0,-120.0,19.48
250.0,-120.0,18.15
260.0,-120.0,16.96
270.0,-120.0,15.88
280.0,-120.0,14.9
290.0,-120.0,14.0
300.0,-120.0,13.16
310.0,-120.0,12.38
320.0,-120.0,11.65
-320.0,-110.0,86.64
-310.0,-110.0,87.94
-300.0,-110.0,88.9
-290.0,-110.0,89.48
-280.0,-110.0,89.68
-270.0,-110.0,89.49
-260.0,-110.0,88.95
-250.0,-110.0,88.06
-240.0,-110.0,86.89
-230.0,-110.0,85.48
-220.0,-110.0,83.91
-210.0,-110.0,82.24
-200.0,-110.0,80.55
-190.0,-110.0,78.92
-180.0,-110.0,77.43
-170.0,-110.0,76.14
-160.0,-110.0,75.13
-150.0,-110.0,74.44
-140.0,-110.0,74.12
-130.0,-110.0,74.18
-120.0,-110.0,74.64
-110.0,-110.0,75.47
-100.0,-110.0,76.65
-90.0,-110.0,78.13
-80.0,-110.0,79.84
-70.0,-110.0,81.72
-60.0,-110.0,83.7
-50.0,-110.0,85.78
-40.0,-110.0,87.98
-30.0,-110.0,90.44
-20.0,-110.0,93.36
-10.0,-110.0,97.0
0.0,-110.0,101.5
10.0,-110.0,106.75
20.0,-110.0,112.24
30.0,-110.0,117.07
40.0,-110.0,120.06
50.0,-110.0,120.13
60.0,-110.0,116.66
70.0,-110.0,109.74
80.0,-110.0,100.16
90.0,-110.0,89.15
100.0,-110.0,78.02
110.0,-110.0,67.77
120.0,-110.0,58.96
130.0,-110.0,51.72
140.0,-110.0,45.89
150.0,-110.0,41.17
160.0,-110.0,37.28
170.0,-110.0,33.98
180.0,-110.0,31.11
190.0,-110.0,28.59
200.0,-110.0,26.35
210.0,-110.0,24.35
220.0,-110.0,22.56
230.0,-110.0,20.96
240.0,-110.0,19.52
250.0,-110.0,18.23
260.0,-110.0,17.06
270.0,-110.0,15.99
280.0,-110.0,15.01
290.0,-110.0,14.11
300.0,-110.0,13.28
310.0,-110.0,12.5
320.0,-110.0,11.76
-320.0,-100.0,88.93
-310.0,-100.0,90.14
-300.0,-100.0,91.01
-290.0,-100.0,91.53
-280.0,-100.0,91.68
-270.0,-100.0,91.48
-260.0,-100.0,90.96
-250.0,-100.0,90.13
-240.0,-100.0,89.06
-230.0,-100.0,87.8
-220.0,-100.0,86.42
-210.0,-100.0,84.99
-200.0,-100.0,83.58
-190.0,-100.0,82.27
-180.0,-100.0,81.12
-170.0,-100.0,80.21
-160.0,-100.0,79.59
-150.0,-100.0,79.29
-140.0,-100.0,79.34
-130.0,-100.0,79.76
-120.0,-100.0,80.54
-110.0,-100.0,81.63
-100.0,-100.0,83.0
-90.0,-100.0,84.58
-80.0,-100.0,86.3
-70.0,-100.0,88.06
-60.0,-100.0,89.81
-50.0,-100.0,91.49
-40.0,-100.0,93.13
-30.0,-100.0,94.82
-20.0,-100.0,96.73
-10.0,-100.0,99.04
0.0,-100.0,101.88
10.0,-100.0,105.19
20.0,-100.0,108.6
30.0,-100.0,111.39
40.0,-100.0,112.68
50.0,-100.0,111.63
60.0,-100.0,107.78
70.0,-100.0,101.2
80.0,-100.0,92.57
90.0,-100.0,82.85
100.0,-100.0,73.1
110.0,-100.0,64.12
120.0,-100.0,56.36
130.0,-100.0,49.91
140.0,-100.0,44.64
150.0,-100.0,40.31
160.0,-100.0,36.69
170.0,-100.0,33.58
180.0,-100.0,30.86
190.0,-100.0,28.45
200.0,-100.0,26.29
210.0,-100.0,24.35
220.0,-100.0,22.61
230.0,-100.0,21.04
240.0,-100.0,19.62
250.0,-100.0,18.34
260.0,-100.0,17.17
270.0,-100.0,16.11
280.0,-100.0,15.13
290.0,-100.0,14.22
300.0,-100.0,13.39
310.0,-100.0,12.6
320.0,-100.0,11.86
-320.0,-90.0,90.92
-310.0,-90.0,92.05
-300.0,-90.0,92.87
-290.0,-90.0,93.34
-280.0,-90.0,93.48
-270.0,-90.0,93.31
-260.0,-90.0,92.85
-250.0,-90.0,92.14
-240.0,-90.0,91.22
-230.0,-90.0,90.16
-220.0,-90.0,89.03
-210.0,-90.0,87.89
-200.0,-90.0,86.8
-190.0,-90.0,85.84
-180.0,-90.0,85.07
-170.0,-90.0,84.55
-160.0,-90.0,84.31
-150.0,-90.0,84.38
-140.0,-90.0,84.78
-130.0,-90.0,85.49
-120.0,-90.0,86.5
-110.0,-90.0,87.76
-100.0,-90.0,89.21
-90.0,-90.0,90.77
-80.0,-90.0,92.35
-70.0,-90.0,93.87
-60.0,-90.0,95.25
-50.0,-90.0,96.44
-40.0,-90.0,97.41
-30.0,-90.0,98.22
-20.0,-90.0,98.98
-10.0,-90.0,99.81
0.0,-90.0,100.83
10.0,-90.0,101.99
20.0,-90.0,103.08
30.0,-90.0,103.65
40.0,-90.0,103.12
50.0,-90.0,100.95
60.0,-90.0,96.85
70.0,-90.0,90.91
80.0,-90.0,83.6
90.0,-90.0,75.6
100.0,-90.0,67.63
110.0,-90.0,60.26
120.0,-90.0,53.78
130.0,-90.0,48.28
140.0,-90.0,43.65
150.0,-90.0,39.74
160.0,-90.0,36.38
170.0,-90.0,33.43
180.0,-90.0,30.82
190.0,-90.0,28.48
200.0,-90.0,26.36
210.0,-90.0,24.45
220.0,-90.0,22.72
230.0,-90.0,21.16
240.0,-90.0,19.74
250.0,-90.0,18.45
260.0,-90.0,17.28
270.0,-90.0,16.21
280.0,-90.0,15.23
290.0,-90.0,14.32
300.0,-90.0,13.48
310.0,-90.0,12.69
320.0,-90.0,11.95
-320.0,-80.0,92.7
-310.0,-80.0,93.78
-300.0,-80.0,94.56
-290.0,-80.0,95.03
-280.0,-80.0,95.2
-270.0,-80.0,95.1
-260.0,-80.0,94.75
-250.0,-80.0,94.2
-240.0,-80.0,93.49
-230.0,-80.0,92.68
-220.0,-80.0,91.82
-210.0,-80.0,91.0
-200.0,-80.0,90.26
-190.0,-80.0,89.66
-180.0,-80.0,89.26
-170.0,-80.0,89.1
-160.0,-80.0,89.21
-150.0,-80.0,89.61
-140.0,-80.0,90.28
-130.0,-80.0,91.21
-120.0,-80.0,92.36
-110.0,-80.0,93.68
-100.0,-80.0,95.1
-90.0,-80.0,96.53
-80.0,-80.0,97.9
-70.0,-80.0,99.11
-60.0,-80.0,100.07
-50.0,-80.0,100.74
-40.0,-80.0,101.06
-30.0,-80.0,101.05
-20.0,-80.0,100.76
-10.0,-80.0,100.28
0.0,-80.0,99.68
10.0,-80.0,98.98
20.0,-80.0,98.06
30.0,-80.0,96.71
40.0,-80.0,94.63
50.0,-80.0,91.54
60.0,-80.0,87.3
70.0,-80.0,82.0
80.0,-80.0,75.92
90.0,-80.0,69.48
100.0,-80.0,63.12
110.0,-80.0,57.18
120.0,-80.0,51.84
130.0,-80.0,47.15
140.0,-80.0,43.06
150.0,-80.0,39.48
160.0,-80.0,36.31
170.0,-80.0,33.47
180.0,-80.0,30.91
190.0,-80.0,28.59
200.0,-80.0,26.48
210.0,-80.0,24.57
220.0,-80.0,22.83
230.0,-80.0,21.26
240.0,-80.0,19.83
250.0,-80.0,18.53
260.0,-80.0,17.36
270.0,-80.0,16.28
280.0,-80.0,15.29
290.0,-80.0,14.38
300.0,-80.0,13.54
310.0,-80.0,12.76
320.0,-80.0,12.02
-320.0,-70.0,94.35
-310.0,-70.0,95.41
-300.0,-70.0,96.19
-290.0,-70.0,96.7
-280.0,-70.0,96.95
-270.0,-70.0,96.97
-260.0,-70.0,96.79
-250.0,-70.0,96.44
-240.0,-70.0,95.96
-230.0,-70.0,95.42
-220.0,-70.0,94.87
-210.0,-70.0,94.37
-200.0,-70.0,93.96
-190.0,-70.0,93.7
-180.0,-70.0,93.64
-170.0,-70.0,93.8
-160.0,-70.0,94.2
-150.0,-70.0,94.84
-140.0,-70.0,95.71
-130.0,-70.0,96.77
-120.0,-70.0,97.98
-110.0,-70.0,99.28
-100.0,-70.0,100.6
-90.0,-70.0,101.86
-80.0,-70.0,102.99
-70.0,-70.0,103.9
-60.0,-70.0,104.52
-50.0,-70.0,104.75
-40.0,-70.0,104.56
-30.0,-70.0,103.92
-20.0,-70.0,102.83
-10.0,-70.0,101.35
0.0,-70.0,99.53
10.0,-70.0,97.42
20.0,-70.0,95.01
30.0,-70.0,92.26
40.0,-70.0,89.05
50.0,-70.0,85.29
60.0,-70.0,80.95
70.0,-70.0,76.08
80.0,-70.0,70.86
90.0,-70.0,65.52
100.0,-70.0,60.27
110.0,-70.0,55.31
120.0,-70.0,50.74
130.0,-70.0,46.59
140.0,-70.0,42.84
150.0,-70.0,39.45
160.0,-70.0,36.37
170.0,-70.0,33.57
180.0,-70.0,31.02
190.0,-70.0,28.68
200.0,-70.0,26.56
210.0,-70.0,24.63
220.0,-70.0,22.88
230.0,-70.0,21.3
240.0,-70.0,19.86
250.0,-70.0,18.56
260.0,-70.0,17.38
270.0,-70.0,16.3
280.0,-70.0,15.32
290.0,-70.0,14.42
300.0,-70.0,13.58
310.0,-70.0,12.81
320.0,-70.0,12.08
-320.0,-60.0,95.95
-310.0,-60.0,97.02
-300.0,-60.0,97.86
-290.0,-60.0,98.46
-280.0,-60.0,98.86
-270.0,-60.0,99.05
-260.0,-60.0,99.08
-250.0,-60.0,98.98
-240.0,-60.0,98.77
-230.0,-60.0,98.52
-220.0,-60.0,98.26
-210.0,-60.0,98.05
-200.0,-60.0,97.93
-190.0,-60.0,97.96
-180.0,-60.0,98.17
-170.0,-60.0,98.57
-160.0,-60.0,99.18
-150.0,-60.0,99.99
-140.0,-60.0,100.97
-130.0,-60.0,102.09
-120.0,-60.0,103.29
-110.0,-60.0,104.53
-100.0,-60.0,105.75
-90.0,-60.0,106.88
-80.0,-60.0,107.86
-70.0,-60.0,108.62
-60.0,-60.0,109.07
-50.0,-60.0,109.12
-40.0,-60.0,108.67
-30.0,-60.0,107.66
-20.0,-60.0,106.05
-10.0,-60.0,103.86
0.0,-60.0,101.15
10.0,-60.0,98.0
20.0,-60.0,94.51
30.0,-60.0,90.72
40.0,-60.0,86.68
50.0,-60.0,82.39
60.0,-60.0,77.87
70.0,-60.0,73.17
80.0,-60.0,68.38
90.0,-60.0,63.6
100.0,-60.0,58.94
110.0,-60.0,54.49
120.0,-60.0,50.31
130.0,-60.0,46.42
140.0,-60.0,42.82
150.0,-60.0,39.49
160.0,-60.0,36.43
170.0,-60.0,33.61
180.0,-60.0,31.03
190.0,-60.0,28.68
200.0,-60.0,26.53
210.0,-60.0,24.59
220.0,-60.0,22.83
230.0,-60.0,21.24
240.0,-60.0,19.8
250.0,-60.0,18.51
260.0,-60.0,17.34
270.0,-60.0,16.28
280.0,-60.0,15.31
290.0,-60.0,14.42
300.0,-60.0,13.6
310.0,-60.0,12.84
320.0,-60.0,12.12
-320.0,-50.0,97.55
-310.0,-50.0,98.7
-300.0,-50.0,99.66
-290.0,-50.0,100.45
-280.0,-50.0,101.06
-270.0,-50.0,101.52
-260.0,-50.0,101.83
-250.0,-50.0,102.02
-240.0,-50.0,102.11
-230.0,-50.0,102.13
-220.0,-50.0,102.13
-210.0,-50.0,102.15
-200.0,-50.0,102.25
-190.0,-50.0,102.47
-180.0,-50.0,102.84
-170.0,-50.0,103.39
-160.0,-50.0,104.11
-150.0,-50.0,105.0
-140.0,-50.0,106.02
-130.0,-50.0,107.13
-120.0,-50.0,108.31
-110.0,-50.0,109.51
-100.0,-50.0,110.69
-90.0,-50.0,111.84
-80.0,-50.0,112.89
-70.0,-50.0,113.79
-60.0,-50.0,114.43
-50.0,-50.0,114.67
-40.0,-50.0,114.34
-30.0,-50.0,113.29
-20.0,-50.0,111.41
-10.0,-50.0,108.69
0.0,-50.0,105.21
10.0,-50.0,101.12
20.0,-50.0,96.61
30.0,-50.0,91.85
40.0,-50.0,86.99
50.0,-50.0,82.1
60.0,-50.0,77.23
70.0,-50.0,72.41
80.0,-50.0,67.67
90.0,-50.0,63.04
100.0,-50.0,58.57
110.0,-50.0,54.28
120.0,-50.0,50.21
130.0,-50.0,46.37
140.0,-50.0,42.78
150.0,-50.0,39.43
160.0,-50.0,36.34
170.0,-50.0,33.49
180.0,-50.0,30.88
190.0,-50.0,28.51
200.0,-50.0,26.35
210.0,-50.0,24.41
220.0,-50.0,22.65
230.0,-50.0,21.08
240.0,-50.0,19.67
250.0,-50.0,18.39
260.0,-50.0,17.25
270.0,-50.0,16.21
280.0,-50.0,15.27
290.0,-50.0,14.4
300.0,-50.0,13.6
310.0,-50.0,12.86
320.0,-50.0,12.16
-320.0,-40.0,99.23
-310.0,-40.0,100.54
-300.0,-40.0,101.73
-290.0,-40.0,102.8
-280.0,-40.0,103.76
-270.0,-40.0,104.59
-260.0,-40.0,105.29
-250.0,-40.0,105.85
-240.0,-40.0,106.26
-230.0,-40.0,106.55
-220.0,-40.0,106.75
-210.0,-40.0,106.91
-200.0,-40.0,107.09
-190.0,-40.0,107.35
-180.0,-40.0,107.74
-170.0,-40.0,108.28
-160.0,-40.0,108.99
-150.0,-40.0,109.86
-140.0,-40.0,110.84
-130.0,-40.0,111.93
-120.0,-40.0,113.09
-110.0,-40.0,114.31
-100.0,-40.0,115.61
-90.0,-40.0,117.0
-80.0,-40.0,118.46
-70.0,-40.0,119.93
-60.0,-40.0,121.27
-50.0,-40.0,122.21
-40.0,-40.0,122.47
-30.0,-40.0,121.74
-20.0,-40.0,119.8
-10.0,-40.0,116.59
0.0,-40.0,112.23
10.0,-40.0,106.98
20.0,-40.0,101.2
30.0,-40.0,95.2
40.0,-40.0,89.25
50.0,-40.0,83.5
60.0,-40.0,78.02
70.0,-40.0,72.81
80.0,-40.0,67.84
90.0,-40.0,63.08
100.0,-40.0,58.54
110.0,-40.0,54.2
120.0,-40.0,50.08
130.0,-40.0,46.19
140.0,-40.0,42.54
150.0,-40.0,39.15
160.0,-40.0,36.02
170.0,-40.0,33.14
180.0,-40.0,30.52
190.0,-40.0,28.15
200.0,-40.0,26.01
210.0,-40.0,24.09
220.0,-40.0,22.37
230.0,-40.0,20.83
240.0,-40.0,19.45
250.0,-40.0,18.22
260.0,-40.0,17.11
270.0,-40.0,16.11
280.0,-40.0,15.2
290.0,-40.0,14.37
300.0,-40.0,13.59
310.0,-40.0,12.87
320.0,-40.0,12.19
-320.0,-30.0,101.03
-310.0,-30.0,102.63
-300.0,-30.0,104.19
-290.0,-30.0,105.73
-280.0,-30.0,107.21
-270.0,-30.0,108.6
-260.0,-30.0,109.84
-250.0,-30.0,110.88
-240.0,-30.0,111.67
-230.0,-30.0,112.2
-220.0,-30.0,112.51
-210.0,-30.0,112.65
-200.0,-30.0,112.72
-190.0,-30.0,112.8
-180.0,-30.0,112.99
-170.0,-30.0,113.34
-160.0,-30.0,113.88
-150.0,-30.0,114.6
-140.0,-30.0,115.48
-130.0,-30.0,116.5
-120.0,-30.0,117.66
-110.0,-30.0,119.01
-100.0,-30.0,120.59
-90.0,-30.0,122.49
-80.0,-30.0,124.73
-70.0,-30.0,127.23
-60.0,-30.0,129.78
-50.0,-30.0,131.98
-40.0,-30.0,133.3
-30.0,-30.0,133.23
-20.0,-30.0,131.38
-10.0,-30.0,127.61
0.0,-30.0,122.13
10.0,-30.0,115.35
20.0,-30.0,107.84
30.0,-30.0,100.17
40.0,-30.0,92.74
50.0,-30.0,85.8
60.0,-30.0,79.43
70.0,-30.0,73.59
80.0,-30.0,68.19
90.0,-30.0,63.16
100.0,-30.0,58.42
110.0,-30.0,53.94
120.0,-30.0,49.71
130.0,-30.0,45.74
140.0,-30.0,42.03
150.0,-30.0,38.59
160.0,-30.0,35.44
170.0,-30.0,32.56
180.0,-30.0,29.96
190.0,-30.0,27.61
200.0,-30.0,25.52
210.0,-30.0,23.65
220.0,-30.0,21.98
230.0,-30.0,20.5
240.0,-30.0,19.19
250.0,-30.0,18.01
260.0,-30.0,16.95
270.0,-30.0,16.0
280.0,-30.0,15.13
290.0,-30.0,14.33
300.0,-30.0,13.58
310.0,-30.0,12.88
320.0,-30.0,12.22
-320.0,-20.0,103.0
-310.0,-20.0,105.04
-300.0,-20.0,107.18
-290.0,-20.0,109.4
-280.0,-20.0,111.67
-270.0,-20.0,113.87
-260.0,-20.0,115.87
-250.0,-20.0,117.55
-240.0,-20.0,118.8
-230.0,-20.0,119.56
-220.0,-20.0,119.85
-210.0,-20.0,119.77
-200.0,-20.0,119.46
-190.0,-20.0,119.08
-180.0,-20.0,118.79
-170.0,-20.0,118.69
-160.0,-20.0,118.85
-150.0,-20.0,119.26
-140.0,-20.0,119.93
-130.0,-20.0,120.84
-120.0,-20.0,122.01
-110.0,-20.0,123.52
-100.0,-20.0,125.5
-90.0,-20.0,128.08
-80.0,-20.0,131.34
-70.0,-20.0,135.18
-60.0,-20.0,139.28
-50.0,-20.0,143.06
-40.0,-20.0,145.74
-30.0,-20.0,146.52
-20.0,-20.0,144.81
-10.0,-20.0,140.42
0.0,-20.0,133.61
10.0,-20.0,125.0
20.0,-20.0,115.45
30.0,-20.0,105.77
40.0,-20.0,96.58
50.0,-20.0,88.23
60.0,-20.0,80.79
70.0,-20.0,74.21
80.0,-20.0,68.31
90.0,-20.0,62.94
100.0,-20.0,57.98
110.0,-20.0,53.35
120.0,-20.0,49.02
130.0,-20.0,44.98
140.0,-20.0,41.24
150.0,-20.0,37.79
160.0,-20.0,34.64
170.0,-20.0,31.8
180.0,-20.0,29.24
190.0,-20.0,26.96
200.0,-20.0,24.93
210.0,-20.0,23.14
220.0,-20.0,21.55
230.0,-20.0,20.14
240.0,-20.0,18.89
250.0,-20.0,17.78
260.0,-20.0,16.78
270.0,-20.0,15.88
280.0,-20.0,15.05
290.0,-20.0,14.29
300.0,-20.0,13.57
310.0,-20.0,12.9
320.0,-20.0,12.26
-320.0,-10.0,105.14
-310.0,-10.0,107.79
-300.0,-10.0,110.73
-290.0,-10.0,113.93
-280.0,-10.0,117.27
-270.0,-10.0,120.58
-260.0,-10.0,123.62
-250.0,-10.0,126.14
-240.0,-10.0,127.93
-230.0,-10.0,128.89
-220.0,-10.0,129.02
-210.0,-10.0,128.48
-200.0,-10.0,127.49
-190.0,-10.0,126.32
-180.0,-10.0,125.22
-170.0,-10.0,124.37
-160.0,-10.0,123.9
-150.0,-10.0,123.82
-140.0,-10.0,124.14
-130.0,-10.0,124.84
-120.0,-10.0,125.96
-110.0,-10.0,127.61
-100.0,-10.0,129.94
-90.0,-10.0,133.16
-80.0,-10.0,137.37
-70.0,-10.0,142.46
-60.0,-10.0,148.01
-50.0,-10.0,153.26
-40.0,-10.0,157.18
-30.0,-10.0,158.73
-20.0,-10.0,157.12
-10.0,-10.0,152.1
0.0,-10.0,143.99
10.0,-10.0,133.63
20.0,-10.0,122.12
30.0,-10.0,110.54
40.0,-10.0,99.67
50.0,-10.0,89.98
60.0,-10.0,81.55
70.0,-10.0,74.28
80.0,-10.0,67.94
90.0,-10.0,62.3
100.0,-10.0,57.17
110.0,-10.0,52.45
120.0,-10.0,48.07
130.0,-10.0,44.02
140.0,-10.0,40.28
150.0,-10.0,36.86
160.0,-10.0,33.75
170.0,-10.0,30.96
180.0,-10.0,28.47
190.0,-10.0,26.27
200.0,-10.0,24.32
210.0,-10.0,22.61
220.0,-10.0,21.11
230.0,-10.0,19.78
240.0,-10.0,18.61
250.0,-10.0,17.56
260.0,-10.0,16.62
270.0,-10.0,15.77
280.0,-10.0,14.99
290.0,-10.0,14.26
300.0,-10.0,13.57
310.0,-10.0,12.92
320.0,-10.0,12.3
-320.0,0.0,107.33
-310.0,0.0,110.78
-300.0,0.0,114.73
-290.0,0.0,119.15
-280.0,0.0,123.85
-270.0,0.0,128.55
-260.0,0.0,132.86
-250.0,0.0,136.39
-240.0,0.0,138.82
-230.0,0.0,139.95
-220.0,0.0,139.8
-210.0,0.0,138.57
-200.0,0.0,136.61
-190.0,0.0,134.32
-180.0,0.0,132.1
-170.0,0.0,130.23
-160.0,0.0,128.88
-150.0,0.0,128.13
-140.0,0.0,127.95
-130.0,0.0,128.32
-120.0,0.0,129.26
-110.0,0.0,130.87
-100.0,0.0,133.34
-90.0,0.0,136.88
-80.0,0.0,141.59
-70.0,0.0,147.37
-60.0,0.0,153.72
-50.0,0.0,159.77
-40.0,0.0,164.35
-30.0,0.0,166.26
-20.0,0.0,164.6
-10.0,0.0,159.06
0.0,0.0,150.02
10.0,0.0,138.47
20.0,0.0,125.65
30.0,0.0,112.8
40.0,0.0,100.84
50.0,0.0,90.28
60.0,0.0,81.24
70.0,0.0,73.56
80.0,0.0,66.98
90.0,0.0,61.22
100.0,0.0,56.05
110.0,0.0,51.35
120.0,0.0,47.01
130.0,0.0,43.01
140.0,0.0,39.33
150.0,0.0,35.97
160.0,0.0,32.94
170.0,0.0,30.21
180.0,0.0,27.8
190.0,0.0,25.66
200.0,0.0,23.79
210.0,0.0,22.16
220.0,0.0,20.73
230.0,0.0,19.47
240.0,0.0,18.36
250.0,0.0,17.38
260.0,0.0,16.49
270.0,0.0,15.69
280.0,0.0,14.94
290.0,0.0,14.25
300.0,0.0,13.59
310.0,0.0,12.96
320.0,0.0,12.35
-320.0,10.0,109.37
-310.0,10.0,113.69
-300.0,10.0,118.77
-290.0,10.0,124.53
-280.0,10.0,130.74
-270.0,10.0,136.97
-260.0,10.0,142.69
-250.0,10.0,147.33
-240.0,10.0,150.42
-230.0,10.0,151.7
-220.0,10.0,151.17
-210.0,10.0,149.12
-200.0,10.0,146.01
-190.0,10.0,142.42
-180.0,10.0,138.88
-170.0,10.0,135.81
-160.0,10.0,133.44
-150.0,10.0,131.87
-140.0,10.0,131.08
-130.0,10.0,130.99
-120.0,10.0,131.6
-110.0,10.0,132.95
-100.0,10.0,135.21
-90.0,10.0,138.54
-80.0,10.0,143.06
-70.0,10.0,148.63
-60.0,10.0,154.77
-50.0,10.0,160.59
-40.0,10.0,164.91
-30.0,10.0,166.55
-20.0,10.0,164.61
-10.0,10.0,158.78
0.0,10.0,149.46
10.0,10.0,137.63
20.0,10.0,124.56
30.0,10.0,111.5
40.0,10.0,99.38
50.0,10.0,88.71
60.0,10.0,79.62
70.0,10.0,71.95
80.0,10.0,65.44
90.0,10.0,59.79
100.0,10.0,54.77
110.0,10.0,50.22
120.0,10.0,46.04
130.0,10.0,42.18
140.0,10.0,38.63
150.0,10.0,35.37
160.0,10.0,32.42
170.0,10.0,29.76
180.0,10.0,27.39
190.0,10.0,25.3
200.0,10.0,23.47
210.0,10.0,21.88
220.0,10.0,20.49
230.0,10.0,19.27
240.0,10.0,18.21
250.0,10.0,17.26
260.0,10.0,16.41
270.0,10.0,15.64
280.0,10.0,14.92
290.0,10.0,14.25
300.0,10.0,13.62
310.0,10.0,13.0
320.0,10.0,12.41
-320.0,20.0,110.92
-310.0,20.0,116.04
-300.0,20.0,122.18
-290.0,20.0,129.21
-280.0,20.0,136.82
-270.0,20.0,144.49
-260.0,20.0,151.51
-250.0,20.0,157.18
-240.0,20.0,160.88
-230.0,20.0,162.28
-220.0,20.0,161.38
-210.0,20.0,158.51
-200.0,20.0,154.29
-190.0,20.0,149.43
-180.0,20.0,144.62
-170.0,20.0,140.37
-160.0,20.0,137.01
-150.0,20.0,134.63
-140.0,20.0,133.19
-130.0,20.0,132.59
-120.0,20.0,132.75
-110.0,20.0,133.63
-100.0,20.0,135.34
-90.0,20.0,137.97
-80.0,20.0,141.6
-70.0,20.0,146.09
-60.0,20.0,151.0
-50.0,20.0,155.57
-40.0,20.0,158.76
-30.0,20.0,159.53
-20.0,20.0,157.12
-10.0,20.0,151.27
0.0,20.0,142.33
10.0,20.0,131.18
20.0,20.0,118.96
30.0,20.0,106.75
40.0,20.0,95.41
50.0,20.0,85.4
60.0,20.0,76.84
70.0,20.0,69.61
80.0,20.0,63.47
90.0,20.0,58.16
100.0,20.0,53.47
110.0,20.0,49.23
120.0,20.0,45.34
130.0,20.0,41.73
140.0,20.0,38.38
150.0,20.0,35.28
160.0,20.0,32.43
170.0,20.0,29.82
180.0,20.0,27.48
190.0,20.0,25.38
200.0,20.0,23.53
210.0,20.0,21.91
220.0,20.0,20.5
230.0,20.0,19.27
240.0,20.0,18.19
250.0,20.0,17.25
260.0,20.0,16.41
270.0,20.0,15.65
280.0,20.0,14.94
290.0,20.0,14.29
300.0,20.0,13.66
310.0,20.0,13.06
320.0,20.0,12.48
-320.0,30.0,111.58
-310.0,30.0,117.29
-300.0,30.0,124.18
-290.0,30.0,132.12
-280.0,30.0,140.76
-270.0,30.0,149.46
-260.0,30.0,157.44
-250.0,30.0,163.85
-240.0,30.0,167.99
-230.0,30.0,169.47
-220.0,30.0,168.28
-210.0,30.0,164.82
-200.0,30.0,159.77
-190.0,30.0,153.98
-180.0,30.0,148.21
-170.0,30.0,143.09
-160.0,30.0,138.96
-150.0,30.0,135.95
-140.0,30.0,133.99
-130.0,30.0,132.93
-120.0,30.0,132.62
-110.0,30.0,132.95
-100.0,30.0,133.93
-90.0,30.0,135.57
-80.0,30.0,137.89
-70.0,30.0,140.77
-60.0,30.0,143.85
-50.0,30.0,146.54
-40.0,30.0,148.06
-30.0,30.0,147.64
-20.0,30.0,144.68
-10.0,30.0,139.02
0.0,30.0,130.93
10.0,30.0,121.11
20.0,30.0,110.44
30.0,30.0,99.79
40.0,30.0,89.85
50.0,30.0,81.0
60.0,30.0,73.35
70.0,30.0,66.85
80.0,30.0,61.3
90.0,30.0,56.52
100.0,30.0,52.3
110.0,30.0,48.52
120.0,30.0,45.05
130.0,30.0,41.81
140.0,30.0,38.77
150.0,30.0,35.89
160.0,30.0,33.17
170.0,30.0,30.63
180.0,30.0,28.26
190.0,30.0,26.1
200.0,30.0,24.15
210.0,30.0,22.42
220.0,30.0,20.9
230.0,30.0,19.57
240.0,30.0,18.42
250.0,30.0,17.41
260.0,30.0,16.53
270.0,30.0,15.74
280.0,30.0,15.02
290.0,30.0,14.36
300.0,30.0,13.73
310.0,30.0,13.13
320.0,30.0,12.55
-320.0,40.0,111.05
-310.0,40.0,116.96
-300.0,40.0,124.13
-290.0,40.0,132.42
-280.0,40.0,141.44
-270.0,40.0,150.53
-260.0,40.0,158.87
-250.0,40.0,165.57
-240.0,40.0,169.89
-230.0,40.0,171.4
-220.0,40.0,170.11
-210.0,40.0,166.43
-200.0,40.0,161.07
-190.0,40.0,154.91
-180.0,40.0,148.78
-170.0,40.0,143.29
-160.0,40.0,138.84
-150.0,40.0,135.54
-140.0,40.0,133.32
-130.0,40.0,131.99
-120.0,40.0,131.34
-110.0,40.0,131.2
-100.0,40.0,131.49
-90.0,40.0,132.14
-80.0,40.0,133.12
-70.0,40.0,134.31
-60.0,40.0,135.48
-50.0,40.0,136.22
-40.0,40.0,136.03
-30.0,40.0,134.39
-20.0,40.0,130.93
-10.0,40.0,125.56
0.0,40.0,118.48
10.0,40.0,110.16
20.0,40.0,101.25
30.0,40.0,92.35
40.0,40.0,83.96
50.0,40.0,76.39
60.0,40.0,69.76
70.0,40.0,64.06
80.0,40.0,59.18
90.0,40.0,54.99
100.0,40.0,51.35
110.0,40.0,48.12
120.0,40.0,45.19
130.0,40.0,42.45
140.0,40.0,39.82
150.0,40.0,37.27
160.0,40.0,34.76
170.0,40.0,32.31
180.0,40.0,29.93
190.0,40.0,27.66
200.0,40.0,25.54
210.0,40.0,23.61
220.0,40.0,21.87
230.0,40.0,20.34
240.0,40.0,19.0
250.0,40.0,17.85
260.0,40.0,16.85
270.0,40.0,15.97
280.0,40.0,15.19
290.0,40.0,14.49
300.0,40.0,13.84
310.0,40.0,13.23
320.0,40.0,12.64
-320.0,50.0,109.19
-310.0,50.0,114.87
-300.0,50.0,121.76
-290.0,50.0,129.73
-280.0,50.0,138.4
-270.0,50.0,147.16
-260.0,50.0,155.18
-250.0,50.0,161.65
-240.0,50.0,165.84
-230.0,50.0,167.35
-220.0,50.0,166.19
-210.0,50.0,162.73
-200.0,50.0,157.66
-190.0,50.0,151.82
-180.0,50.0,145.99
-170.0,50.0,140.79
-160.0,50.0,136.56
-150.0,50.0,133.43
-140.0,50.0,131.31
-130.0,50.0,130.0
-120.0,50.0,129.28
-110.0,50.0,128.92
-100.0,50.0,128.75
-90.0,50.0,128.66
-80.0,50.0,128.55
-70.0,50.0,128.34
-60.0,50.0,127.88
-50.0,50.0,126.96
-40.0,50.0,125.31
-30.0,50.0,122.66
-20.0,50.0,118.81
-10.0,50.0,113.73
0.0,50.0,107.54
10.0,50.0,100.56
20.0,50.0,93.18
30.0,50.0,85.81
40.0,50.0,78.78
50.0,50.0,72.33
60.0,50.0,66.59
70.0,50.0,61.59
80.0,50.0,57.32
90.0,50.0,53.7
100.0,50.0,50.63
110.0,50.0,48.0
120.0,50.0,45.67
130.0,50.0,43.53
140.0,50.0,41.44
150.0,50.0,39.34
160.0,50.0,37.16
170.0,50.0,34.88
180.0,50.0,32.54
190.0,50.0,30.17
200.0,50.0,27.85
210.0,50.0,25.64
220.0,50.0,23.58
230.0,50.0,21.73
240.0,50.0,20.1
250.0,50.0,18.68
260.0,50.0,17.46
270.0,50.0,16.42
280.0,50.0,15.52
290.0,50.0,14.73
300.0,50.0,14.02
310.0,50.0,13.37
320.0,50.0,12.76
-320.0,60.0,106.1
-310.0,60.0,111.18
-300.0,60.0,117.31
-290.0,60.0,124.38
-280.0,60.0,132.07
-270.0,60.0,139.82
-260.0,60.0,146.96
-250.0,60.0,152.73
-240.0,60.0,156.54
-230.0,60.0,158.02
-220.0,60.0,157.17
-210.0,60.0,154.33
-200.0,60.0,150.1
-190.0,60.0,145.2
-180.0,60.0,140.31
-170.0,60.0,135.97
-160.0,60.0,132.5
-150.0,60.0,130.01
-140.0,60.0,128.42
-130.0,60.0,127.55
-120.0,60.0,127.14
-110.0,60.0,126.92
-100.0,60.0,126.67
-90.0,60.0,126.19
-80.0,60.0,125.35
-70.0,60.0,124.09
-60.0,60.0,122.36
-50.0,60.0,120.12
-40.0,60.0,117.29
-30.0,60.0,113.82
-20.0,60.0,109.64
-10.0,60.0,104.74
0.0,60.0,99.23
10.0,60.0,93.24
20.0,60.0,87.02
30.0,60.0,80.8
40.0,60.0,74.79
50.0,60.0,69.2
60.0,60.0,64.13
70.0,60.0,59.68
80.0,60.0,55.88
90.0,60.0,52.72
100.0,60.0,50.15
110.0,60.0,48.07
120.0,60.0,46.35
130.0,60.0,44.84
140.0,60.0,43.38
150.0,60.0,41.84
160.0,60.0,40.12
170.0,60.0,38.17
180.0,60.0,35.98
190.0,60.0,33.6
200.0,60.0,31.1
210.0,60.0,28.6
220.0,60.0,26.17
230.0,60.0,23.91
240.0,60.0,21.86
250.0,60.0,20.06
260.0,60.0,18.51
270.0,60.0,17.19
280.0,60.0,16.07
290.0,60.0,15.12
300.0,60.0,14.3
310.0,60.0,13.57
320.0,60.0,12.91
-320.0,70.0,102.09
-310.0,70.0,106.32
-300.0,70.0,111.39
-290.0,70.0,117.2
-280.0,70.0,123.5
-270.0,70.0,129.87
-260.0,70.0,135.75
-250.0,70.0,140.56
-240.0,70.0,143.82
-230.0,70.0,145.26
-220.0,70.0,144.86
-210.0,70.0,142.9
-200.0,70.0,139.85
-190.0,70.0,136.29
-180.0,70.0,132.77
-170.0,70.0,129.72
-160.0,70.0,127.43
-150.0,70.0,126.01
-140.0,70.0,125.4
-130.0,70.0,125.43
-120.0,70.0,125.81
-110.0,70.0,126.24
-100.0,70.0,126.35
-90.0,70.0,125.86
-80.0,70.0,124.59
-70.0,70.0,122.49
-60.0,70.0,119.64
-50.0,70.0,116.16
-40.0,70.0,112.22
-30.0,70.0,107.92
-20.0,70.0,103.32
-10.0,70.0,98.45
0.0,70.0,93.34
10.0,70.0,88.04
20.0,70.0,82.65
30.0,70.0,77.27
40.0,70.0,72.03
50.0,70.0,67.08
60.0,70.0,62.52
70.0,70.0,58.47
80.0,70.0,55.0
90.0,70.0,52.16
100.0,70.0,49.94
110.0,70.0,48.28
120.0,70.0,47.07
130.0,70.0,46.14
140.0,70.0,45.31
150.0,70.0,44.41
160.0,70.0,43.27
170.0,70.0,41.79
180.0,70.0,39.92
190.0,70.0,37.68
200.0,70.0,35.14
210.0,70.0,32.42
220.0,70.0,29.64
230.0,70.0,26.93
240.0,70.0,24.39
250.0,70.0,22.1
260.0,70.0,20.1
270.0,70.0,18.4
280.0,70.0,16.96
290.0,70.0,15.76
300.0,70.0,14.75
310.0,70.0,13.89
320.0,70.0,13.14
-320.0,80.0,97.52
-310.0,80.0,100.84
-300.0,80.0,104.76
-290.0,80.0,109.23
-280.0,80.0,114.05
-270.0,80.0,118.93
-260.0,80.0,123.47
-250.0,80.0,127.26
-240.0,80.0,129.95
-230.0,80.0,131.36
-220.0,80.0,131.46
-210.0,80.0,130.47
-200.0,80.0,128.72
-190.0,80.0,126.64
-180.0,80.0,124.66
-170.0,80.0,123.12
-160.0,80.0,122.28
-150.0,80.0,122.25
-140.0,80.0,123.03
-130.0,80.0,124.45
-120.0,80.0,126.19
-110.0,80.0,127.8
-100.0,80.0,128.75
-90.0,80.0,128.59
-80.0,80.0,127.05
-70.0,80.0,124.1
-60.0,80.0,119.96
-50.0,80.0,115.03
-40.0,80.0,109.72
-30.0,80.0,104.34
-20.0,80.0,99.08
-10.0,80.0,94.0
0.0,80.0,89.07
10.0,80.0,84.24
20.0,80.0,79.48
30.0,80.0,74.8
40.0,80.0,70.22
50.0,80.0,65.83
60.0,80.0,61.72
70.0,80.0,58.01
80.0,80.0,54.78
90.0,80.0,52.13
100.0,80.0,50.1
110.0,80.0,48.68
120.0,80.0,47.79
130.0,80.0,47.29
140.0,80.0,46.99
150.0,80.0,46.69
160.0,80.0,46.17
170.0,80.0,45.27
180.0,80.0,43.89
190.0,80.0,41.97
200.0,80.0,39.58
210.0,80.0,36.8
220.0,80.0,33.78
230.0,80.0,30.69
240.0,80.0,27.68
250.0,80.0,24.86
260.0,80.0,22.33
270.0,80.0,20.13
280.0,80.0,18.27
290.0,80.0,16.72
300.0,80.0,15.44
310.0,80.0,14.37
320.0,80.0,13.48
-320.0,90.0,92.73
-310.0,90.0,95.22
-300.0,90.0,98.11
-290.0,90.0,101.36
-280.0,90.0,104.86
-270.0,90.0,108.42
-260.0,90.0,111.78
-250.0,90.0,114.67
-240.0,90.0,116.89
-230.0,90.0,118.29
-220.0,90.0,118.88
-210.0,90.0,118.8
-200.0,90.0,118.28
-190.0,90.0,117.61
-180.0,90.0,117.11
-170.0,90.0,117.08
-160.0,90.0,117.75
-150.0,90.0,119.3
-140.0,90.0,121.75
-130.0,90.0,124.96
-120.0,90.0,128.51
-110.0,90.0,131.76
-100.0,90.0,133.93
-90.0,90.0,134.33
-80.0,90.0,132.54
-70.0,90.0,128.57
-60.0,90.0,122.85
-50.0,90.0,116.08
-40.0,90.0,108.99
-30.0,90.0,102.17
-20.0,90.0,95.96
-10.0,90.0,90.43
0.0,90.0,85.51
10.0,90.0,81.04
20.0,90.0,76.86
30.0,90.0,72.86
40.0,90.0,68.98
50.0,90.0,65.22
60.0,90.0,61.62
70.0,90.0,58.28
80.0,90.0,55.29
90.0,90.0,52.78
100.0,90.0,50.82
110.0,90.0,49.46
120.0,90.0,48.68
130.0,90.0,48.38
140.0,90.0,48.4
150.0,90.0,48.53
160.0,90.0,48.53
170.0,90.0,48.2
180.0,90.0,47.37
190.0,90.0,45.93
200.0,90.0,43.88
210.0,90.0,41.26
220.0,90.0,38.22
230.0,90.0,34.91
240.0,90.0,31.52
250.0,90.0,28.23
260.0,90.0,25.16
270.0,90.0,22.43
280.0,90.0,20.06
290.0,90.0,18.07
300.0,90.0,16.43
310.0,90.0,15.08
320.0,90.0,13.98
-320.0,100.0,87.98
-310.0,100.0,89.8
-300.0,100.0,91.87
-290.0,100.0,94.18
-280.0,100.0,96.66
-270.0,100.0,99.21
-260.0,100.0,101.68
-250.0,100.0,103.92
-240.0,100.0,105.81
-230.0,100.0,107.27
-220.0,100.0,108.3
-210.0,100.0,109.0
-200.0,100.0,109.51
-190.0,100.0,110.03
-180.0,100.0,110.8
-170.0,100.0,112.08
-160.0,100.0,114.14
-150.0,100.0,117.19
-140.0,100.0,121.33
-130.0,100.0,126.38
-120.0,100.0,131.84
-110.0,100.0,136.85
-100.0,100.0,140.33
-90.0,100.0,141.31
-80.0,100.0,139.23
-70.0,100.0,134.11
-60.0,100.0,126.62
-50.0,100.0,117.8
-40.0,100.0,108.73
-30.0,100.0,100.3
-20.0,100.0,92.99
-10.0,100.0,86.92
0.0,100.0,81.95
10.0,100.0,77.82
20.0,100.0,74.24
30.0,100.0,71.0
40.0,100.0,67.93
50.0,100.0,64.94
60.0,100.0,62.0
70.0,100.0,59.18
80.0,100.0,56.55
90.0,100.0,54.23
100.0,100.0,52.35
110.0,100.0,50.99
120.0,100.0,50.19
130.0,100.0,49.89
140.0,100.0,49.97
150.0,100.0,50.25
160.0,100.0,50.5
170.0,100.0,50.51
180.0,100.0,50.1
190.0,100.0,49.12
200.0,100.0,47.49
210.0,100.0,45.22
220.0,100.0,42.37
230.0,100.0,39.08
240.0,100.0,35.53
250.0,100.0,31.91
260.0,100.0,28.41
270.0,100.0,25.18
280.0,100.0,22.3
290.0,100.0,19.82
300.0,100.0,17.76
310.0,100.0,16.06
320.0,100.0,14.68
-320.0,110.0,83.4
-310.0,110.0,84.74
-300.0,110.0,86.24
-290.0,110.0,87.91
-280.0,110.0,89.71
-270.0,110.0,91.6
-260.0,110.0,93.51
-250.0,110.0,95.37
-240.0,110.0,97.11
-230.0,110.0,98.69
-220.0,110.0,100.13
-210.0,110.0,101.45
-200.0,110.0,102.76
-190.0,110.0,104.18
-180.0,110.0,105.9
-170.0,110.0,108.16
-160.0,110.0,111.24
-150.0,110.0,115.42
-140.0,110.0,120.81
-130.0,110.0,127.24
-120.0,110.0,134.13
-110.0,110.0,140.42
-100.0,110.0,144.82
-90.0,110.0,146.14
-80.0,110.0,143.68
-70.0,110.0,137.52
-60.0,110.0,128.5
-50.0,110.0,117.93
-40.0,110.0,107.21
-30.0,110.0,97.44
-20.0,110.0,89.25
-10.0,110.0,82.78
0.0,110.0,77.86
10.0,110.0,74.14
20.0,110.0,71.24
30.0,110.0,68.85
40.0,110.0,66.71
50.0,110.0,64.65
60.0,110.0,62.59
70.0,110.0,60.5
80.0,110.0,58.47
90.0,110.0,56.59
100.0,110.0,55.02
110.0,110.0,53.84
120.0,110.0,53.11
130.0,110.0,52.78
140.0,110.0,52.73
150.0,110.0,52.8
160.0,110.0,52.84
170.0,110.0,52.71
180.0,110.0,52.28
190.0,110.0,51.45
200.0,110.0,50.11
210.0,110.0,48.19
220.0,110.0,45.68
230.0,110.0,42.63
240.0,110.0,39.17
250.0,110.0,35.47
260.0,110.0,31.73
270.0,110.0,28.13
280.0,110.0,24.82
290.0,110.0,21.89
300.0,110.0,19.38
310.0,110.0,17.29
320.0,110.0,15.59
-320.0,120.0,79.08
-310.0,120.0,80.12
-300.0,120.0,81.27
-290.0,120.0,82.56
-280.0,120.0,83.99
-270.0,120.0,85.53
-260.0,120.0,87.17
-250.0,120.0,88.88
-240.0,120.0,90.63
-230.0,120.0,92.4
-220.0,120.0,94.19
-210.0,120.0,95.99
-200.0,120.0,97.87
-190.0,120.0,99.89
-180.0,120.0,102.2
-170.0,120.0,105.0
-160.0,120.0,108.57
-150.0,120.0,113.2
-140.0,120.0,119.01
-130.0,120.0,125.85
-120.0,120.0,133.08
-110.0,120.0,139.63
-100.0,120.0,144.11
-90.0,120.0,145.27
-80.0,120.0,142.39
-70.0,120.0,135.57
-60.0,120.0,125.72
-50.0,120.0,114.31
-40.0,120.0,102.84
-30.0,120.0,92.53
-20.0,120.0,84.06
-10.0,120.0,77.61
0.0,120.0,72.97
10.0,120.0,69.79
20.0,120.0,67.65
30.0,120.0,66.17
40.0,120.0,65.04
50.0,120.0,64.05
60.0,120.0,63.04
70.0,120.0,61.97
80.0,120.0,60.88
90.0,120.0,59.88
100.0,120.0,59.1
110.0,120.0,58.61
120.0,120.0,58.38
130.0,120.0,58.26
140.0,120.0,58.07
150.0,120.0,57.63
160.0,120.0,56.89
170.0,120.0,55.87
180.0,120.0,54.65
190.0,120.0,53.29
200.0,120.0,51.76
210.0,120.0,49.94
220.0,120.0,47.72
230.0,120.0,45.04
240.0,120.0,41.89
250.0,120.0,38.37
260.0,120.0,34.65
270.0,120.0,30.92
280.0,120.0,27.35
290.0,120.0,24.07
300.0,120.0,21.19
310.0,120.0,18.73
320.0,120.0,16.68
-320.0,130.0,75.07
-310.0,130.0,75.94
-300.0,130.0,76.93
-290.0,130.0,78.06
-280.0,130.0,79.33
-270.0,130.0,80.77
-260.0,130.0,82.36
-250.0,130.0,84.1
-240.0,130.0,85.98
-230.0,130.0,87.96
-220.0,130.0,90.04
-210.0,130.0,92.19
-200.0,130.0,94.42
-190.0,130.0,96.76
-180.0,130.0,99.29
-170.0,130.0,102.18
-160.0,130.0,105.65
-150.0,130.0,109.95
-140.0,130.0,115.19
-130.0,130.0,121.25
-120.0,130.0,127.54
-110.0,130.0,133.09
-100.0,130.0,136.66
-90.0,130.0,137.11
-80.0,130.0,133.79
-70.0,130.0,126.85
-60.0,130.0,117.15
-50.0,130.0,106.08
-40.0,130.0,95.06
-30.0,130.0,85.25
-20.0,130.0,77.29
-10.0,130.0,71.36
0.0,130.0,67.32
10.0,130.0,64.8
20.0,130.0,63.44
30.0,130.0,62.85
40.0,130.0,62.73
50.0,130.0,62.84
60.0,130.0,63.01
70.0,130.0,63.2
80.0,130.0,63.44
90.0,130.0,63.85
100.0,130.0,64.53
110.0,130.0,65.46
120.0,130.0,66.42
130.0,130.0,67.04
140.0,130.0,66.91
150.0,130.0,65.77
160.0,130.0,63.67
170.0,130.0,60.92
180.0,130.0,57.98
190.0,130.0,55.19
200.0,130.0,52.74
210.0,130.0,50.53
220.0,130.0,48.36
230.0,130.0,45.99
240.0,130.0,43.26
250.0,130.0,40.15
260.0,130.0,36.71
270.0,130.0,33.11
280.0,130.0,29.51
290.0,130.0,26.09
300.0,130.0,22.96
310.0,130.0,20.22
320.0,130.0,17.88
-320.0,140.0,71.43
-310.0,140.0,72.24
-300.0,140.0,73.19
-290.0,140.0,74.3
-280.0,140.0,75.59
-270.0,140.0,77.08
-260.0,140.0,78.76
-250.0,140.0,80.63
-240.0,140.0,82.68
-230.0,140.0,84.87
-220.0,140.0,87.17
-210.0,140.0,89.53
-200.0,140.0,91.92
-190.0,140.0,94.33
-180.0,140.0,96.77
-170.0,140.0,99.36
-160.0,140.0,102.23
-150.0,140.0,105.56
-140.0,140.0,109.45
-130.0,140.0,113.78
-120.0,140.0,118.13
-110.0,140.0,121.74
-100.0,140.0,123.64
-90.0,140.0,122.99
-80.0,140.0,119.3
-70.0,140.0,112.73
-60.0,140.0,104.01
-50.0,140.0,94.28
-40.0,140.0,84.7
-30.0,140.0,76.24
-20.0,140.0,69.42
-10.0,140.0,64.44
0.0,140.0,61.18
10.0,140.0,59.39
20.0,140.0,58.74
30.0,140.0,58.94
40.0,140.0,59.72
50.0,140.0,60.86
60.0,140.0,62.21
70.0,140.0,63.75
80.0,140.0,65.57
90.0,140.0,67.78
100.0,140.0,70.46
110.0,140.0,73.43
120.0,140.0,76.21
130.0,140.0,78.06
140.0,140.0,78.27
150.0,140.0,76.41
160.0,140.0,72.64
170.0,140.0,67.6
180.0,140.0,62.21
190.0,140.0,57.28
200.0,140.0,53.25
210.0,140.0,50.14
220.0,140.0,47.67
230.0,140.0,45.45
240.0,140.0,43.14
250.0,140.0,40.53
260.0,140.0,37.57
270.0,140.0,34.33
280.0,140.0,30.96
290.0,140.0,27.62
300.0,140.0,24.45
310.0,140.0,21.57
320.0,140.0,19.04
-320.0,150.0,68.21
-310.0,150.0,69.04
-300.0,150.0,70.04
-290.0,150.0,71.23
-280.0,150.0,72.62
-270.0,150.0,74.23
-260.0,150.0,76.06
-250.0,150.0,78.1
-240.0,150.0,80.32
-230.0,150.0,82.66
-220.0,150.0,85.09
-210.0,150.0,87.52
-200.0,150.0,89.89
-190.0,150.0,92.15
-180.0,150.0,94.27
-170.0,150.0,96.28
-160.0,150.0,98.26
-150.0,150.0,100.31
-140.0,150.0,102.49
-130.0,150.0,104.73
-120.0,150.0,106.76
-110.0,150.0,108.09
-100.0,150.0,108.11
-90.0,150.0,106.28
-80.0,150.0,102.34
-70.0,150.0,96.43
-60.0,150.0,89.1
-50.0,150.0,81.18
-40.0,150.0,73.51
-30.0,150.0,66.77
-20.0,150.0,61.38
-10.0,150.0,57.49
0.0,150.0,55.04
10.0,150.0,53.89
20.0,150.0,53.82
30.0,150.0,54.62
40.0,150.0,56.08
50.0,150.0,58.03
60.0,150.0,60.38
70.0,150.0,63.15
80.0,150.0,66.46
90.0,150.0,70.44
100.0,150.0,75.12
110.0,150.0,80.17
120.0,150.0,84.83
130.0,150.0,88.02
140.0,150.0,88.7
150.0,150.0,86.29
160.0,150.0,81.0
170.0,150.0,73.79
180.0,150.0,66.0
190.0,150.0,58.86
200.0,150.0,53.1
210.0,150.0,48.88
220.0,150.0,45.9
230.0,150.0,43.65
240.0,150.0,41.64
250.0,150.0,39.52
260.0,150.0,37.12
270.0,150.0,34.41
280.0,150.0,31.46
290.0,150.0,28.41
300.0,150.0,25.4
310.0,150.0,22.56
320.0,150.0,19.98
-320.0,160.0,65.45
-310.0,160.0,66.36
-300.0,160.0,67.45
-290.0,160.0,68.76
-280.0,160.0,70.3
-270.0,160.0,72.06
-260.0,160.0,74.04
-250.0,160.0,76.21
-240.0,160.0,78.53
-230.0,160.0,80.94
-220.0,160.0,83.36
-210.0,160.0,85.7
-200.0,160.0,87.88
-190.0,160.0,89.82
-180.0,160.0,91.46
-170.0,160.0,92.78
-160.0,160.0,93.8
-150.0,160.0,94.57
-140.0,160.0,95.12
-130.0,160.0,95.43
-120.0,160.0,95.37
-110.0,160.0,94.7
-100.0,160.0,93.12
-90.0,160.0,90.35
-80.0,160.0,86.31
-70.0,160.0,81.13
-60.0,160.0,75.2
-50.0,160.0,69.04
-40.0,160.0,63.18
-30.0,160.0,58.08
-20.0,160.0,54.01
-10.0,160.0,51.1
0.0,160.0,49.35
10.0,160.0,48.68
20.0,160.0,48.98
30.0,160.0,50.12
40.0,160.0,51.98
50.0,160.0,54.43
60.0,160.0,57.44
70.0,160.0,61.05
80.0,160.0,65.38
90.0,160.0,70.57
100.0,160.0,76.57
110.0,160.0,82.95
120.0,160.0,88.79
130.0,160.0,92.82
140.0,160.0,93.83
150.0,160.0,91.15
160.0,160.0,85.04
170.0,160.0,76.59
180.0,160.0,67.37
190.0,160.0,58.84
200.0,160.0,51.91
210.0,160.0,46.84
220.0,160.0,43.38
230.0,160.0,41.01
240.0,160.0,39.17
250.0,160.0,37.43
260.0,160.0,35.53
270.0,160.0,33.37
280.0,160.0,30.94
290.0,160.0,28.33
300.0,160.0,25.65
310.0,160.0,23.03
320.0,160.0,20.56
-320.0,170.0,63.16
-310.0,170.0,64.17
-300.0,170.0,65.38
-290.0,170.0,66.82
-280.0,170.0,68.48
-270.0,170.0,70.37
-260.0,170.0,72.45
-250.0,170.0,74.68
-240.0,170.0,77.0
-230.0,170.0,79.34
-220.0,170.0,81.62
-210.0,170.0,83.72
-200.0,170.0,85.56
-190.0,170.0,87.05
-180.0,170.0,88.12
-170.0,170.0,88.73
-160.0,170.0,88.86
-150.0,170.0,88.55
-140.0,170.0,87.82
-130.0,170.0,86.68
-120.0,170.0,85.12
-110.0,170.0,83.07
-100.0,170.0,80.42
-90.0,170.0,77.1
-80.0,170.0,73.13
-70.0,170.0,68.63
-60.0,170.0,63.86
-50.0,170.0,59.1
-40.0,170.0,54.69
-30.0,170.0,50.88
-20.0,170.0,47.84
-10.0,170.0,45.68
0.0,170.0,44.41
10.0,170.0,44.03
20.0,170.0,44.49
30.0,170.0,45.73
40.0,170.0,47.69
50.0,170.0,50.3
60.0,170.0,53.54
70.0,170.0,57.45
80.0,170.0,62.13
90.0,170.0,67.64
100.0,170.0,73.89
110.0,170.0,80.42
120.0,170.0,86.3
130.0,170.0,90.33
140.0,170.0,91.36
150.0,170.0,88.76
160.0,170.0,82.78
170.0,170.0,74.46
180.0,170.0,65.29
190.0,170.0,56.68
200.0,170.0,49.56
210.0,170.0,44.24
220.0,170.0,40.56
230.0,170.0,38.07
240.0,170.0,36.26
250.0,170.0,34.74
260.0,170.0,33.2
270.0,170.0,31.49
280.0,170.0,29.57
290.0,170.0,27.44
300.0,170.0,25.19
310.0,170.0,22.9
320.0,170.0,20.67
-320.0,180.0,61.32
-310.0,180.0,62.42
-300.0,180.0,63.74
-290.0,180.0,65.28
-280.0,180.0,67.03
-270.0,180.0,68.96
-260.0,180.0,71.05
-250.0,180.0,73.23
-240.0,180.0,75.44
-230.0,180.0,77.58
-220.0,180.0,79.57
-210.0,180.0,81.3
-200.0,180.0,82.69
-190.0,180.0,83.65
-180.0,180.0,84.12
-170.0,180.0,84.06
-160.0,180.0,83.46
-150.0,180.0,82.33
-140.0,180.0,80.73
-130.0,180.0,78.69
-120.0,180.0,76.25
-110.0,180.0,73.45
-100.0,180.0,70.29
-90.0,180.0,66.81
-80.0,180.0,63.07
-70.0,180.0,59.18
-60.0,180.0,55.29
-50.0,180.0,51.57
-40.0,180.0,48.19
-30.0,180.0,45.3
-20.0,180.0,42.99
-10.0,180.0,41.33
0.0,180.0,40.36
10.0,180.0,40.1
20.0,180.0,40.55
30.0,180.0,41.7
40.0,180.0,43.52
50.0,180.0,45.98
60.0,180.0,49.06
70.0,180.0,52.78
80.0,180.0,57.18
90.0,180.0,62.24
100.0,180.0,67.83
110.0,180.0,73.52
120.0,180.0,78.53
130.0,180.0,81.9
140.0,180.0,82.72
150.0,180.0,80.51
160.0,180.0,75.47
170.0,180.0,68.42
180.0,180.0,60.56
190.0,180.0,53.02
200.0,180.0,46.58
210.0,180.0,41.58
220.0,180.0,37.93
230.0,180.0,35.35
240.0,180.0,33.47
250.0,180.0,31.97
260.0,180.0,30.6
270.0,180.0,29.19
280.0,180.0,27.65
290.0,180.0,25.96
300.0,180.0,24.14
310.0,180.0,22.24
320.0,180.0,20.32
-320.0,190.0,59.84
-310.0,190.0,61.02
-300.0,190.0,62.41
-290.0,190.0,63.99
-280.0,190.0,65.75
-270.0,190.0,67.65
-260.0,190.0,69.64
-250.0,190.0,71.65
-240.0,190.0,73.61
-230.0,190.0,75.43
-220.0,190.0,77.02
-210.0,190.0,78.29
-200.0,190.0,79.16
-190.0,190.0,79.57
-180.0,190.0,79.46
-170.0,190.0,78.82
-160.0,190.0,77.65
-150.0,190.0,75.98
-140.0,190.0,73.86
-130.0,190.0,71.36
-120.0,190.0,68.55
-110.0,190.0,65.49
-100.0,190.0,62.26
-90.0,190.0,58.91
-80.0,190.0,55.53
-70.0,190.0,52.2
-60.0,190.0,49.0
-50.0,190.0,46.04
-40.0,190.0,43.39
-30.0,190.0,41.13
-20.0,190.0,39.32
-10.0,190.0,37.99
0.0,190.0,37.19
10.0,190.0,36.95
20.0,190.0,37.28
30.0,190.0,38.21
40.0,190.0,39.72
50.0,190.0,41.82
60.0,190.0,44.48
70.0,190.0,47.7
80.0,190.0,51.46
90.0,190.0,55.68
100.0,190.0,60.2
110.0,190.0,64.66
120.0,190.0,68.5
130.0,190.0,71.03
140.0,190.0,71.65
150.0,190.0,70.04
160.0,190.0,66.33
170.0,190.0,61.07
180.0,190.0,55.06
190.0,190.0,49.1
200.0,190.0,43.76
210.0,190.0,39.34
220.0,190.0,35.87
230.0,190.0,33.22
240.0,190.0,31.19
250.0,190.0,29.57
260.0,190.0,28.18
270.0,190.0,26.88
280.0,190.0,25.57
290.0,190.0,24.19
300.0,190.0,22.73
310.0,190.0,21.18
320.0,190.0,19.6
-320.0,200.0,58.65
-310.0,200.0,59.86
-300.0,200.0,61.25
-290.0,200.0,62.8
-280.0,200.0,64.48
-270.0,200.0,66.24
-260.0,200.0,68.03
-250.0,200.0,69.76
-240.0,200.0,71.38
-230.0,200.0,72.78
-220.0,200.0,73.9
-210.0,200.0,74.67
-200.0,200.0,75.01
-190.0,200.0,74.88
-180.0,200.0,74.27
-170.0,200.0,73.17
-160.0,200.0,71.61
-150.0,200.0,69.62
-140.0,200.0,67.27
-130.0,200.0,64.63
-120.0,200.0,61.79
-110.0,200.0,58.81
-100.0,200.0,55.77
-90.0,200.0,52.74
-80.0,200.0,49.8
-70.0,200.0,46.99
-60.0,200.0,44.37
-50.0,200.0,41.98
-40.0,200.0,39.88
-30.0,200.0,38.08
-20.0,200.0,36.62
-10.0,200.0,35.53
0.0,200.0,34.83
10.0,200.0,34.55
20.0,200.0,34.71
30.0,200.0,35.35
40.0,200.0,36.49
50.0,200.0,38.12
60.0,200.0,40.25
70.0,200.0,42.84
80.0,200.0,45.85
90.0,200.0,49.19
100.0,200.0,52.68
110.0,200.0,56.05
120.0,200.0,58.92
130.0,200.0,60.84
140.0,200.0,61.43
150.0,200.0,60.5
160.0,200.0,58.1
170.0,200.0,54.53
180.0,200.0,50.28
190.0,200.0,45.83
200.0,200.0,41.57
210.0,200.0,37.76
220.0,200.0,34.5
230.0,200.0,31.79
240.0,200.0,29.57
250.0,200.0,27.75
260.0,200.0,26.22
270.0,200.0,24.89
280.0,200.0,23.65
290.0,200.0,22.44
300.0,200.0,21.22
310.0,200.0,19.96
320.0,200.0,18.66
-320.0,210.0,57.61
-310.0,210.0,58.8
-300.0,210.0,60.12
-290.0,210.0,61.56
-280.0,210.0,63.08
-270.0,210.0,64.61
-260.0,210.0,66.1
-250.0,210.0,67.49
-240.0,210.0,68.69
-230.0,210.0,69.64
-220.0,210.0,70.27
-210.0,210.0,70.53
-200.0,210.0,70.39
-190.0,210.0,69.81
-180.0,210.0,68.81
-170.0,210.0,67.39
-160.0,210.0,65.59
-150.0,210.0,63.48
-140.0,210.0,61.1
-130.0,210.0,58.54
-120.0,210.0,55.87
-110.0,210.0,53.15
-100.0,210.0,50.46
-90.0,210.0,47.84
-80.0,210.0,45.36
-70.0,210.0,43.04
-60.0,210.0,40.92
-50.0,210.0,39.01
-40.0,210.0,37.33
-30.0,210.0,35.89
-20.0,210.0,34.7
-10.0,210.0,33.78
0.0,210.0,33.13
10.0,210.0,32.8
20.0,210.0,32.79
30.0,210.0,33.15
40.0,210.0,33.9
50.0,210.0,35.05
60.0,210.0,36.62
70.0,210.0,38.58
80.0,210.0,40.89
90.0,210.0,43.46
100.0,210.0,46.14
110.0,210.0,48.73
120.0,210.0,50.97
130.0,210.0,52.57
140.0,210.0,53.3
150.0,210.0,53.0
160.0,210.0,51.67
170.0,210.0,49.44
180.0,210.0,46.55
190.0,210.0,43.3
200.0,210.0,39.92
210.0,210.0,36.65
220.0,210.0,33.61
230.0,210.0,30.9
240.0,210.0,28.54
250.0,210.0,26.53
260.0,210.0,24.82
270.0,210.0,23.37
280.0,210.0,22.1
290.0,210.0,20.94
300.0,210.0,19.84
310.0,210.0,18.76
320.0,210.0,17.67
-320.0,220.0,56.64
-310.0,220.0,57.74
-300.0,220.0,58.93
-290.0,220.0,60.19
-280.0,220.0,61.46
-270.0,220.0,62.7
-260.0,220.0,63.84
-250.0,220.0,64.82
-240.0,220.0,65.59
-230.0,220.0,66.08
-220.0,220.0,66.26
-210.0,220.0,66.08
-200.0,220.0,65.54
-190.0,220.0,64.62
-180.0,220.0,63.35
-170.0,220.0,61.76
-160.0,220.0,59.89
-150.0,220.0,57.8
-140.0,220.0,55.54
-130.0,220.0,53.19
-120.0,220.0,50.81
-110.0,220.0,48.44
-100.0,220.0,46.15
-90.0,220.0,43.97
-80.0,220.0,41.93
-70.0,220.0,40.06
-60.0,220.0,38.36
-50.0,220.0,36.84
-40.0,220.0,35.5
-30.0,220.0,34.34
-20.0,220.0,33.36
-10.0,220.0,32.57
0.0,220.0,31.97
10.0,220.0,31.58
20.0,220.0,31.43
30.0,220.0,31.54
40.0,220.0,31.94
50.0,220.0,32.66
60.0,220.0,33.71
70.0,220.0,35.1
80.0,220.0,36.78
90.0,220.0,38.7
100.0,220.0,40.75
110.0,220.0,42.78
120.0,220.0,44.63
130.0,220.0,46.08
140.0,220.0,46.96
150.0,220.0,47.16
160.0,220.0,46.6
170.0,220.0,45.32
180.0,220.0,43.43
190.0,220.0,41.08
200.0,220.0,38.43
210.0,220.0,35.65
220.0,220.0,32.89
230.0,220.0,30.27
240.0,220.0,27.88
250.0,220.0,25.75
260.0,220.0,23.91
270.0,220.0,22.33
280.0,220.0,20.98
290.0,220.0,19.79
300.0,220.0,18.73
310.0,220.0,17.73
320.0,220.0,16.78
-320.0,230.0,55.65
-310.0,230.0,56.6
-300.0,230.0,57.6
-290.0,230.0,58.62
-280.0,230.0,59.6
-270.0,230.0,60.5
-260.0,230.0,61.27
-250.0,230.0,61.86
-240.0,230.0,62.21
-230.0,230.0,62.29
-220.0,230.0,62.08
-210.0,230.0,61.56
-200.0,230.0,60.73
-190.0,230.0,59.6
-180.0,230.0,58.19
-170.0,230.0,56.56
-160.0,230.0,54.74
-150.0,230.0,52.78
-140.0,230.0,50.74
-130.0,230.0,48.68
-120.0,230.0,46.63
-110.0,230.0,44.65
-100.0,230.0,42.76
-90.0,230.0,40.99
-80.0,230.0,39.35
-70.0,230.0,37.85
-60.0,230.0,36.5
-50.0,230.0,35.3
-40.0,230.0,34.23
-30.0,230.0,33.28
-20.0,230.0,32.47
-10.0,230.0,31.78
0.0,230.0,31.21
10.0,230.0,30.78
20.0,230.0,30.51
30.0,230.0,30.43
40.0,230.0,30.54
50.0,230.0,30.9
60.0,230.0,31.51
70.0,230.0,32.39
80.0,230.0,33.53
90.0,230.0,34.88
100.0,230.0,36.4
110.0,230.0,37.98
120.0,230.0,39.49
130.0,230.0,40.8
140.0,230.0,41.76
150.0,230.0,42.25
160.0,230.0,42.21
170.0,230.0,41.58
180.0,230.0,40.41
190.0,230.0,38.76
200.0,230.0,36.72
210.0,230.0,34.44
220.0,230.0,32.03
230.0,230.0,29.63
240.0,230.0,27.33
250.0,230.0,25.22
260.0,230.0,23.33
270.0,230.0,21.67
280.0,230.0,20.24
290.0,230.0,19.01
300.0,230.0,17.93
310.0,230.0,16.96
320.0,230.0,16.06
-320.0,240.0,54.59
-310.0,240.0,55.35
-300.0,240.0,56.12
-290.0,240.0,56.86
-280.0,240.0,57.54
-270.0,240.0,58.1
-260.0,240.0,58.51
-250.0,240.0,58.73
-240.0,240.0,58.73
-230.0,240.0,58.48
-220.0,240.0,57.98
-210.0,240.0,57.21
-200.0,240.0,56.21
-190.0,240.0,54.98
-180.0,240.0,53.56
-170.0,240.0,51.99
-160.0,240.0,50.31
-150.0,240.0,48.56
-140.0,240.0,46.79
-130.0,240.0,45.04
-120.0,240.0,43.33
-110.0,240.0,41.71
-100.0,240.0,40.18
-90.0,240.0,38.76
-80.0,240.0,37.46
-70.0,240.0,36.28
-60.0,240.0,35.2
-50.0,240.0,34.24
-40.0,240.0,33.37
-30.0,240.0,32.59
-20.0,240.0,31.89
-10.0,240.0,31.27
0.0,240.0,30.73
10.0,240.0,30.28
20.0,240.0,29.93
30.0,240.0,29.7
40.0,240.0,29.6
50.0,240.0,29.67
60.0,240.0,29.93
70.0,240.0,30.39
80.0,240.0,31.07
90.0,240.0,31.94
100.0,240.0,32.98
110.0,240.0,34.13
120.0,240.0,35.3
130.0,240.0,36.39
140.0,240.0,37.29
150.0,240.0,37.91
160.0,240.0,38.14
170.0,240.0,37.94
180.0,240.0,37.28
190.0,240.0,36.17
200.0,240.0,34.68
210.0,240.0,32.89
220.0,240.0,30.89
230.0,240.0,28.8
240.0,240.0,26.72
250.0,240.0,24.73
260.0,240.0,22.89
270.0,240.0,21.23
280.0,240.0,19.78
290.0,240.0,18.51
300.0,240.0,17.4
310.0,240.0,16.43
320.0,240.0,15.55
-320.0,250.0,53.43
-310.0,250.0,53.98
-300.0,250.0,54.5
-290.0,250.0,54.97
-280.0,250.0,55.35
-270.0,250.0,55.6
-260.0,250.0,55.7
-250.0,250.0,55.61
-240.0,250.0,55.33
-230.0,250.0,54.84
-220.0,250.0,54.14
-210.0,250.0,53.25
-200.0,250.0,52.18
-190.0,250.0,50.95
-180.0,250.0,49.6
-170.0,250.0,48.16
-160.0,250.0,46.68
-150.0,250.0,45.17
-140.0,250.0,43.68
-130.0,250.0,42.22
-120.0,250.0,40.83
-110.0,250.0,39.52
-100.0,250.0,38.3
-90.0,250.0,37.17
-80.0,250.0,36.13
-70.0,250.0,35.19
-60.0,250.0,34.32
-50.0,250.0,33.53
-40.0,250.0,32.81
-30.0,250.0,32.14
-20.0,250.0,31.53
-10.0,250.0,30.96
0.0,250.0,30.45
10.0,250.0,29.98
20.0,250.0,29.58
30.0,250.0,29.24
40.0,250.0,29.0
50.0,250.0,28.86
60.0,250.0,28.85
70.0,250.0,28.99
80.0,250.0,29.3
90.0,250.0,29.76
100.0,250.0,30.38
110.0,250.0,31.13
120.0,250.0,31.94
130.0,250.0,32.76
140.0,250.0,33.5
150.0,250.0,34.07
160.0,250.0,34.41
170.0,250.0,34.44
180.0,250.0,34.11
190.0,250.0,33.41
200.0,250.0,32.37
210.0,250.0,31.03
220.0,250.0,29.45
230.0,250.0,27.72
240.0,250.0,25.93
250.0,250.0,24.15
260.0,250.0,22.45
270.0,250.0,20.88
280.0,250.0,19.45
290.0,250.0,18.19
300.0,250.0,17.08
310.0,250.0,16.09
320.0,250.0,15.22
-320.0,260.0,52.21
-310.0,260.0,52.54
-300.0,260.0,52.82
-290.0,260.0,53.03
-280.0,260.0,53.14
-270.0,260.0,53.13
-260.0,260.0,52.97
-250.0,260.0,52.66
-240.0,260.0,52.18
-230.0,260.0,51.54
-220.0,260.0,50.75
-210.0,260.0,49.81
-200.0,260.0,48.75
-190.0,260.0,47.6
-180.0,260.0,46.37
-170.0,260.0,45.11
-160.0,260.0,43.83
-150.0,260.0,42.56
-140.0,260.0,41.33
-130.0,260.0,40.14
-120.0,260.0,39.02
-110.0,260.0,37.97
-100.0,260.0,36.99
-90.0,260.0,36.08
-80.0,260.0,35.24
-70.0,260.0,34.46
-60.0,260.0,33.75
-50.0,260.0,33.08
-40.0,260.0,32.46
-30.0,260.0,31.87
-20.0,260.0,31.31
-10.0,260.0,30.78
0.0,260.0,30.28
10.0,260.0,29.81
20.0,260.0,29.37
30.0,260.0,28.97
40.0,260.0,28.63
50.0,260.0,28.35
60.0,260.0,28.16
70.0,260.0,28.07
80.0,260.0,28.09
90.0,260.0,28.24
100.0,260.0,28.51
110.0,260.0,28.9
120.0,260.0,29.37
130.0,260.0,29.89
140.0,260.0,30.4
150.0,260.0,30.84
160.0,260.0,31.14
170.0,260.0,31.25
180.0,260.0,31.11
190.0,260.0,30.69
200.0,260.0,29.98
210.0,260.0,29.01
220.0,260.0,27.81
230.0,260.0,26.44
240.0,260.0,24.96
250.0,260.0,23.44
260.0,260.0,21.93
270.0,260.0,20.5
280.0,260.0,19.17
290.0,260.0,17.95
300.0,260.0,16.86
310.0,260.0,15.89
320.0,260.0,15.01
-320.0,270.0,50.95
-310.0,270.0,51.08
-300.0,270.0,51.15
-290.0,270.0,51.14
-280.0,270.0,51.03
-270.0,270.0,50.82
-260.0,270.0,50.48
-250.0,270.0,50.01
-240.0,270.0,49.42
-230.0,270.0,48.7
-220.0,270.0,47.88
-210.0,270.0,46.96
-200.0,270.0,45.97
-190.0,270.0,44.93
-180.0,270.0,43.86
-170.0,270.0,42.77
-160.0,270.0,41.7
-150.0,270.0,40.65
-140.0,270.0,39.63
-130.0,270.0,38.67
-120.0,270.0,37.76
-110.0,270.0,36.9
-100.0,270.0,36.1
-90.0,270.0,35.36
-80.0,270.0,34.66
-70.0,270.0,34.0
-60.0,270.0,33.39
-50.0,270.0,32.8
-40.0,270.0,32.24
-30.0,270.0,31.71
-20.0,270.0,31.19
-10.0,270.0,30.68
0.0,270.0,30.19
10.0,270.0,29.72
20.0,270.0,29.26
30.0,270.0,28.83
40.0,270.0,28.42
50.0,270.0,28.05
60.0,270.0,27.74
70.0,270.0,27.49
80.0,270.0,27.31
90.0,270.0,27.22
100.0,270.0,27.23
110.0,270.0,27.33
120.0,270.0,27.51
130.0,270.0,27.75
140.0,270.0,28.01
150.0,270.0,28.27
160.0,270.0,28.46
170.0,270.0,28.54
180.0,270.0,28.46
190.0,270.0,28.19
200.0,270.0,27.7
210.0,270.0,27.0
220.0,270.0,26.11
230.0,270.0,25.05
240.0,270.0,23.86
250.0,270.0,22.6
260.0,270.0,21.32
270.0,270.0,20.06
280.0,270.0,18.85
290.0,270.0,17.72
300.0,270.0,16.68
310.0,270.0,15.74
320.0,270.0,14.88
-320.0,280.0,49.72
-310.0,280.0,49.67
-300.0,280.0,49.56
-290.0,280.0,49.38
-280.0,280.0,49.12
-270.0,280.0,48.76
-260.0,280.0,48.3
-250.0,280.0,47.74
-240.0,280.0,47.1
-230.0,280.0,46.37
-220.0,280.0,45.57
-210.0,280.0,44.72
-200.0,280.0,43.82
-190.0,280.0,42.91
-180.0,280.0,41.98
-170.0,280.0,41.06
-160.0,280.0,40.16
-150.0,280.0,39.29
-140.0,280.0,38.46
-130.0,280.0,37.67
-120.0,280.0,36.91
-110.0,280.0,36.2
-100.0,280.0,35.53
-90.0,280.0,34.9
-80.0,280.0,34.29
-70.0,280.0,33.72
-60.0,280.0,33.17
-50.0,280.0,32.64
-40.0,280.0,32.12
-30.0,280.0,31.61
-20.0,280.0,31.12
-10.0,280.0,30.63
0.0,280.0,30.15
10.0,280.0,29.67
20.0,280.0,29.2
30.0,280.0,28.75
40.0,280.0,28.3
50.0,280.0,27.88
60.0,280.0,27.49
70.0,280.0,27.14
80.0,280.0,26.83
90.0,280.0,26.58
100.0,280.0,26.4
110.0,280.0,26.28
120.0,280.0,26.23
130.0,280.0,26.24
140.0,280.0,26.28
150.0,280.0,26.34
160.0,280.0,26.38
170.0,280.0,26.37
180.0,280.0,26.27
190.0,280.0,26.05
200.0,280.0,25.69
210.0,280.0,25.17
220.0,280.0,24.49
230.0,280.0,23.67
240.0,280.0,22.73
250.0,280.0,21.71
260.0,280.0,20.64
270.0,280.0,19.55
280.0,280.0,18.49
290.0,280.0,17.47
300.0,280.0,16.5
310.0,280.0,15.61
320.0,280.0,14.78
-320.0,290.0,48.57
-310.0,290.0,48.38
-300.0,290.0,48.14
-290.0,290.0,47.83
-280.0,290.0,47.45
-270.0,290.0,47.0
-260.0,290.0,46.48
-250.0,290.0,45.89
-240.0,290.0,45.24
-230.0,290.0,44.54
-220.0,290.0,43.8
-210.0,290.0,43.02
-200.0,290.0,42.23
-190.0,290.0,41.43
-180.0,290.0,40.64
-170.0,290.0,39.87
-160.0,290.0,39.11
-150.0,290.0,38.38
-140.0,290.0,37.68
-130.0,290.0,37.01
-120.0,290.0,36.37
-110.0,290.0,35.76
-100.0,290.0,35.18
-90.0,290.0,34.61
-80.0,290.0,34.07
-70.0,290.0,33.55
-60.0,290.0,33.04
-50.0,290.0,32.54
-40.0,290.0,32.05
-30.0,290.0,31.56
-20.0,290.0,31.08
-10.0,290.0,30.6
0.0,290.0,30.12
10.0,290.0,29.64
20.0,290.0,29.17
30.0,290.0,28.71
40.0,290.0,28.24
50.0,290.0,27.79
60.0,290.0,27.36
70.0,290.0,26.94
80.0,290.0,26.56
90.0,290.0,26.2
100.0,290.0,25.89
110.0,290.0,25.62
120.0,290.0,25.4
130.0,290.0,25.23
140.0,290.0,25.09
150.0,290.0,24.98
160.0,290.0,24.88
170.0,290.0,24.75
180.0,290.0,24.59
190.0,290.0,24.35
200.0,290.0,24.03
210.0,290.0,23.6
220.0,290.0,23.06
230.0,290.0,22.41
240.0,290.0,21.65
250.0,290.0,20.82
260.0,290.0,19.93
270.0,290.0,19.01
280.0,290.0,18.09
290.0,290.0,17.18
300.0,290.0,16.3
310.0,290.0,15.47
320.0,290.0,14.69
-320.0,300.0,47.54
-310.0,300.0,47.25
-300.0,300.0,46.91
-290.0,300.0,46.52
-280.0,300.0,46.08
-270.0,300.0,45.58
-260.0,300.0,45.04
-250.0,300.0,44.45
-240.0,300.0,43.82
-230.0,300.0,43.16
-220.0,300.0,42.48
-210.0,300.0,41.79
-200.0,300.0,41.1
-190.0,300.0,40.41
-180.0,300.0,39.72
-170.0,300.0,39.06
-160.0,300.0,38.41
-150.0,300.0,37.78
-140.0,300.0,37.18
-130.0,300.0,36.59
-120.0,300.0,36.03
-110.0,300.0,35.49
-100.0,300.0,34.96
-90.0,300.0,34.45
-80.0,300.0,33.94
-70.0,300.0,33.45
-60.0,300.0,32.96
-50.0,300.0,32.48
-40.0,300.0,32.0
-30.0,300.0,31.53
-20.0,300.0,31.05
-10.0,300.0,30.58
0.0,300.0,30.1
10.0,300.0,29.63
20.0,300.0,29.16
30.0,300.0,28.68
40.0,300.0,28.21
50.0,300.0,27.75
60.0,300.0,27.29
70.0,300.0,26.84
80.0,300.0,26.4
90.0,300.0,25.98
100.0,300.0,25.59
110.0,300.0,25.23
120.0,300.0,24.89
130.0,300.0,24.59
140.0,300.0,24.32
150.0,300.0,24.07
160.0,300.0,23.84
170.0,300.0,23.61
180.0,300.0,23.36
190.0,300.0,23.08
200.0,300.0,22.75
210.0,300.0,22.35
220.0,300.0,21.88
230.0,300.0,21.33
240.0,300.0,20.7
250.0,300.0,20.01
260.0,300.0,19.26
270.0,300.0,18.48
280.0,300.0,17.68
290.0,300.0,16.87
300.0,300.0,16.08
310.0,300.0,15.32
320.0,300.0,14.58
